booking_id,passenger_key,flight_key,status,booking_date,seat_number
B1000,,AI192_2026-04-20_230541,CANCELLED,2025-06-14 11:37:36.951,3D
B1001,,6F026_2026-04-20_224642,CANCELLED,2025-11-02 11:37:36.951,18A
B1002,77.0,SJ010_2026-04-20_233841,CANCELLED,2025-08-25 11:37:36.951,30C
B1003,329.0,AI069_2026-04-20_224341,CONFIRMED,2025-12-30 11:37:36.951,33A
B1004,792.0,UK003_2026-04-20_214141,PENDING,2025-10-02 11:37:36.951,25C
B1005,501.0,AI048_2026-04-20_222341,CONFIRMED,2025-08-31 11:37:36.951,13D
B1006,309.0,AI140_2026-04-20_222541,CANCELLED,2025-06-29 11:37:36.951,17F
B1007,747.0,UK167_2026-04-20_224541,CONFIRMED,2026-03-12 11:37:36.951,22E
B1008,370.0,AI245_2026-04-20_230741,PENDING,2025-09-07 11:37:36.951,34F
B1009,385.0,SJ158_2026-04-20_230541,CANCELLED,2025-04-28 11:37:36.951,33C
B1010,,AI155_2026-04-20_233541,CONFIRMED,2025-11-24 11:37:36.951,15B
B1011,85.0,AI179_2026-04-20_204141,CONFIRMED,2025-10-25 11:37:36.951,22C
B1012,755.0,AI137_2026-04-20_224941,PENDING,2025-08-15 11:37:36.951,28B
B1013,556.0,SJ001_2026-04-20_202841,CONFIRMED,2025-07-20 11:37:36.951,26E
B1014,374.0,SJ172_2026-04-20_215841,PENDING,2025-09-15 11:37:36.951,21E
B1015,392.0,UK094_2026-04-20_232641,UNKNOWN,2025-10-21 11:37:36.951,6F
B1016,611.0,UK027_2026-04-20_224441,CANCELLED,2026-01-13 11:37:36.951,6A
B1017,146.0,UK067_2026-04-20_213641,CONFIRMED,2026-04-04 11:37:36.951,13B
B1018,12.0,6F196_2026-04-20_230441,CANCELLED,2026-03-25 11:37:36.951,19B
B1019,337.0,6F164_2026-04-20_221841,CANCELLED,2025-07-31 11:37:36.951,19A
B1020,206.0,SJ112_2026-04-20_222041,CONFIRMED,2025-12-06 11:37:36.951,27B
B1021,,6F190_2026-04-20_200241,CANCELLED,2025-12-07 11:37:36.951,4E
B1022,68.0,AI080_2026-04-20_230341,CONFIRMED,2026-03-25 11:37:36.951,16F
B1023,,6F213_2026-04-20_210541,PENDING,2026-02-03 11:37:36.951,24B
B1024,467.0,AI115_2026-04-20_193741,PENDING,2025-06-21 11:37:36.951,30F
B1025,547.0,SJ049_2026-04-20_202641,PENDING,2026-03-18 11:37:36.951,1B
B1026,197.0,AI058_2026-04-20_224041,CONFIRMED,2025-06-27 11:37:36.951,32C
B1027,868.0,UK036_2026-04-20_194841,CONFIRMED,2025-07-25 11:37:36.951,22A
B1028,546.0,SJ239_2026-04-20_222441,CANCELLED,2025-05-25 11:37:36.951,26E
B1029,494.0,6F025_2026-04-20_230241,CANCELLED,2025-06-06 11:37:36.951,19C
B1030,,6F236_2026-04-20_203541,CANCELLED,2026-03-18 11:37:36.951,21E
B1031,,AI060_2026-04-20_215841,CANCELLED,2025-11-16 11:37:36.951,1E
B1032,841.0,UK021_2026-04-20_220041,CANCELLED,2025-09-03 11:37:36.951,18E
B1033,883.0,UK026_2026-04-20_213841,UNKNOWN,2025-05-06 11:37:36.951,19A
B1034,201.0,SJ179_2026-04-20_200941,CONFIRMED,2025-12-31 11:37:36.951,22F
B1035,748.0,6F251_2026-04-20_225641,PENDING,2025-08-21 11:37:36.951,11D
B1036,654.0,SJ149_2026-04-20_212041,PENDING,2025-11-24 11:37:36.951,5B
B1037,202.0,AI188_2026-04-20_201641,PENDING,2026-03-20 11:37:36.951,33E
B1038,353.0,SJ093_2026-04-20_215541,PENDING,2026-01-01 11:37:36.951,12D
B1039,506.0,SJ205_2026-04-20_215641,CONFIRMED,2025-08-21 11:37:36.951,11E
B1040,,6F099_2026-04-20_222441,CONFIRMED,2025-08-08 11:37:36.951,26B
B1041,40.0,UK176_2026-04-20_184141,CONFIRMED,2025-05-28 11:37:36.951,25C
B1042,,UK200_2026-04-20_205441,CANCELLED,2025-12-02 11:37:36.951,24F
B1043,779.0,6F195_2026-04-20_214441,CANCELLED,2025-11-22 11:37:36.951,8E
B1044,256.0,6F174_2026-04-20_213641,PENDING,2026-04-12 11:37:36.951,16C
B1045,53.0,SJ214_2026-04-20_205441,UNKNOWN,2026-03-19 11:37:36.951,18C
B1046,727.0,UK059_2026-04-20_203341,CONFIRMED,2025-10-14 11:37:36.951,2C
B1047,,6F151_2026-04-20_194441,PENDING,2025-12-29 11:37:36.951,7C
B1048,491.0,SJ236_2026-04-20_180341,PENDING,2025-09-19 11:37:36.951,18C
B1049,68.0,SJ153_2026-04-20_203741,UNKNOWN,2025-07-28 11:37:36.951,3C
B1050,791.0,AI220_2026-04-20_201941,PENDING,2026-01-15 11:37:36.951,7D
B1051,826.0,6F028_2026-04-20_194941,CANCELLED,2025-07-05 11:37:36.951,16A
B1052,119.0,UK209_2026-04-20_190241,CANCELLED,2025-12-30 11:37:36.951,33B
B1053,543.0,UK216_2026-04-20_183341,PENDING,2026-04-01 11:37:36.951,28B
B1054,749.0,AI132_2026-04-20_193241,CANCELLED,2026-04-11 11:37:36.951,19C
B1055,386.0,6F012_2026-04-20_180641,CANCELLED,2025-10-14 11:37:36.951,13F
B1056,848.0,UK173_2026-04-20_170641,CANCELLED,2026-03-24 11:37:36.951,15B
B1057,599.0,SJ047_2026-04-20_204441,CANCELLED,2025-08-20 11:37:36.951,14F
B1058,624.0,SJ043_2026-04-20_185941,PENDING,2025-12-07 11:37:36.951,8C
B1059,115.0,UK140_2026-04-20_193741,CONFIRMED,2026-01-03 11:37:36.951,23B
B1060,62.0,6F086_2026-04-20_202341,CONFIRMED,2025-12-30 11:37:36.951,11A
B1061,,6F114_2026-04-20_201041,CANCELLED,2026-04-05 11:37:36.951,19C
B1062,577.0,UK153_2026-04-20_165241,CANCELLED,2025-06-12 11:37:36.951,15D
B1063,284.0,6F149_2026-04-20_175741,CANCELLED,2025-05-19 11:37:36.951,9A
B1064,294.0,UK145_2026-04-20_183041,CONFIRMED,2025-09-14 11:37:36.951,24E
B1065,515.0,UK010_2026-04-20_175341,CANCELLED,2026-03-06 11:37:36.951,7B
B1066,,SJ003_2026-04-20_195041,PENDING,2025-11-05 11:37:36.951,1B
B1067,736.0,SJ160_2026-04-20_194541,PENDING,2025-07-23 11:37:36.951,7F
B1068,462.0,UK224_2026-04-20_162541,PENDING,2025-11-22 11:37:36.951,23A
B1069,75.0,UK152_2026-04-20_172441,CONFIRMED,2025-08-02 11:37:36.951,16E
B1070,543.0,SJ034_2026-04-20_152041,CANCELLED,2025-09-22 11:37:36.951,15D
B1071,2.0,UK215_2026-04-20_173841,CANCELLED,2025-12-21 11:37:36.951,15F
B1072,185.0,UK089_2026-04-20_153841,CANCELLED,2025-08-10 11:37:36.951,18F
B1073,596.0,6F180_2026-04-20_152441,CONFIRMED,2025-12-04 11:37:36.951,16A
B1074,719.0,6F188_2026-04-20_145741,CONFIRMED,2025-09-25 11:37:36.951,7A
B1075,367.0,UK131_2026-04-20_153341,CONFIRMED,2026-01-03 11:37:36.951,2F
B1076,95.0,UK055_2026-04-20_164841,CONFIRMED,2025-05-04 11:37:36.951,12B
B1077,490.0,UK181_2026-04-20_164441,PENDING,2025-05-03 11:37:36.951,3A
B1078,332.0,6F077_2026-04-20_145541,CONFIRMED,2025-09-21 11:37:36.951,1B
B1079,193.0,SJ085_2026-04-20_144141,CONFIRMED,2025-06-03 11:37:36.951,10D
B1080,526.0,SJ023_2026-04-20_172741,CONFIRMED,2025-06-05 11:37:36.951,22D
B1081,857.0,SJ202_2026-04-20_172141,CANCELLED,2025-11-13 11:37:36.951,29C
B1082,190.0,SJ150_2026-04-20_153341,CANCELLED,2025-09-09 11:37:36.951,30A
B1083,683.0,SJ116_2026-04-20_173341,CANCELLED,2025-05-12 11:37:36.951,9A
B1084,803.0,6F270_2026-04-20_181441,PENDING,2025-06-14 11:37:36.951,16E
B1085,,UK150_2026-04-20_183141,PENDING,2026-03-24 11:37:36.951,12A
B1086,569.0,SJ237_2026-04-20_163241,CONFIRMED,2026-02-16 11:37:36.951,5D
B1087,670.0,AI221_2026-04-20_161841,CANCELLED,2025-05-08 11:37:36.951,2F
B1088,437.0,SJ081_2026-04-20_170441,PENDING,2026-03-25 11:37:36.951,31A
B1089,97.0,UK189_2026-04-20_150741,CANCELLED,2025-09-03 11:37:36.951,25F
B1090,453.0,SJ068_2026-04-20_164441,PENDING,2025-05-16 11:37:36.951,31C
B1091,,6F043_2026-04-20_171741,PENDING,2025-08-18 11:37:36.951,25D
B1092,43.0,UK187_2026-04-20_165241,CONFIRMED,2026-03-18 11:37:36.951,16D
B1093,,UK074_2026-04-20_164441,CONFIRMED,2025-05-11 11:37:36.951,25E
B1094,298.0,UK004_2026-04-20_175641,PENDING,2026-01-07 11:37:36.951,24C
B1095,197.0,6F194_2026-04-20_162941,CONFIRMED,2025-07-30 11:37:36.951,14B
B1096,877.0,UK068_2026-04-20_162841,PENDING,2026-01-03 11:37:36.951,12B
B1097,856.0,6F017_2026-04-20_152541,UNKNOWN,2025-08-26 11:37:36.951,34F
B1098,450.0,6F245_2026-04-20_152541,UNKNOWN,2025-10-15 11:37:36.951,13D
B1099,726.0,6F254_2026-04-20_142641,CONFIRMED,2025-12-07 11:37:36.951,26E
B1100,825.0,UK077_2026-04-20_162241,CONFIRMED,2026-03-05 11:37:36.951,16D
B1101,752.0,AI029_2026-04-20_132941,CONFIRMED,2025-07-19 11:37:36.951,3D
B1102,409.0,SJ196_2026-04-20_145841,UNKNOWN,2025-10-06 11:37:36.951,15F
B1103,490.0,AI242_2026-04-20_164141,CANCELLED,2025-08-08 11:37:36.951,20D
B1104,467.0,AI242_2026-04-20_164141,CANCELLED,2025-09-12 11:37:36.951,16E
B1105,417.0,SJ044_2026-04-20_150641,CONFIRMED,2025-09-11 11:37:36.951,19F
B1106,499.0,UK063_2026-04-20_162941,CONFIRMED,2025-09-01 11:37:36.951,21F
B1107,490.0,AI056_2026-04-20_134441,CONFIRMED,2025-05-19 11:37:36.951,30F
B1108,493.0,UK207_2026-04-20_162141,CANCELLED,2025-10-11 11:37:36.951,14B
B1109,,UK166_2026-04-20_123941,CANCELLED,2025-12-03 11:37:36.951,33D
B1110,871.0,6F261_2026-04-20_143141,PENDING,2025-12-17 11:37:36.951,12B
B1111,895.0,UK134_2026-04-20_134441,CANCELLED,2025-12-25 11:37:36.951,34A
B1112,14.0,6F152_2026-04-20_152141,PENDING,2025-10-02 11:37:36.951,27A
B1113,520.0,SJ089_2026-04-20_124241,CONFIRMED,2025-11-23 11:37:36.951,5A
B1114,872.0,6F123_2026-04-20_152641,CANCELLED,2025-09-26 11:37:36.951,2E
B1115,222.0,AI025_2026-04-20_144641,CONFIRMED,2025-08-23 11:37:36.951,10A
B1116,850.0,6F030_2026-04-20_142041,CONFIRMED,2025-12-05 11:37:36.951,19B
B1117,188.0,SJ222_2026-04-20_141541,CONFIRMED,2025-09-02 11:37:36.951,28F
B1118,816.0,UK109_2026-04-20_160641,CONFIRMED,2026-04-03 11:37:36.951,34B
B1119,,SJ117_2026-04-20_131041,CANCELLED,2025-11-25 11:37:36.951,21F
B1120,681.0,SJ142_2026-04-20_151441,CONFIRMED,2025-08-12 11:37:36.951,12D
B1121,889.0,SJ142_2026-04-20_151441,PENDING,2025-06-01 11:37:36.951,17C
B1122,697.0,AI030_2026-04-20_133341,CANCELLED,2025-05-02 11:37:36.951,20B
B1123,635.0,6F097_2026-04-20_153241,CONFIRMED,2025-09-23 11:37:36.951,8A
B1124,754.0,6F129_2026-04-20_142841,CANCELLED,2025-05-23 11:37:36.951,5C
B1125,657.0,6F181_2026-04-20_145541,PENDING,2026-01-15 11:37:36.951,27E
B1126,107.0,AI072_2026-04-20_153441,CONFIRMED,2025-10-20 11:37:36.951,10E
B1127,528.0,SJ154_2026-04-20_144741,PENDING,2025-06-29 11:37:36.951,2E
B1128,270.0,AI031_2026-04-20_130541,CONFIRMED,2026-04-08 11:37:36.951,10D
B1129,745.0,AI031_2026-04-20_130541,PENDING,2025-09-18 11:37:36.951,26F
B1130,442.0,6F158_2026-04-20_115841,CONFIRMED,2025-12-26 11:37:36.951,34E
B1131,361.0,6F184_2026-04-20_130541,CANCELLED,2025-06-16 11:37:36.951,1C
B1132,358.0,UK141_2026-04-20_133841,CONFIRMED,2025-06-20 11:37:36.951,10D
B1133,70.0,6F168_2026-04-20_121841,CANCELLED,2025-12-29 11:37:36.951,23D
B1134,873.0,6F051_2026-04-20_135841,CONFIRMED,2025-07-28 11:37:36.951,34C
B1135,441.0,6F047_2026-04-20_135041,CONFIRMED,2025-12-02 11:37:36.951,20E
B1136,95.0,UK156_2026-04-20_115041,PENDING,2025-10-26 11:37:36.951,28E
B1137,268.0,AI094_2026-04-20_144441,PENDING,2025-09-01 11:37:36.951,13E
B1138,,AI038_2026-04-20_110541,PENDING,2025-07-14 11:37:36.951,6C
B1139,196.0,6F255_2026-04-20_115941,CONFIRMED,2026-01-19 11:37:36.951,29F
B1140,863.0,SJ025_2026-04-20_120241,CONFIRMED,2026-01-23 11:37:36.951,29D
B1141,285.0,SJ185_2026-04-20_142141,CONFIRMED,2025-10-28 11:37:36.951,9C
B1142,37.0,6F259_2026-04-20_141041,CANCELLED,2026-01-21 11:37:36.951,5C
B1143,235.0,6F073_2026-04-20_113841,CANCELLED,2026-04-07 11:37:36.951,15A
B1144,645.0,AI091_2026-04-20_105241,CONFIRMED,2025-09-26 11:37:36.951,6D
B1145,6.0,6F191_2026-04-20_144141,PENDING,2025-08-23 11:37:36.951,15D
B1146,46.0,UK228_2026-04-20_115841,PENDING,2025-08-30 11:37:36.951,25A
B1147,492.0,6F146_2026-04-20_135141,PENDING,2026-03-25 11:37:36.951,11E
B1148,148.0,6F068_2026-04-20_111741,CONFIRMED,2025-10-13 11:37:36.951,19A
B1149,775.0,SJ218_2026-04-20_115841,PENDING,2026-01-08 11:37:36.951,30F
B1150,161.0,UK083_2026-04-20_141041,CONFIRMED,2025-09-25 11:37:36.951,12A
B1151,537.0,SJ007_2026-04-20_100341,CANCELLED,2026-01-18 11:37:36.951,29B
B1152,2.0,AI077_2026-04-20_134541,PENDING,2025-08-14 11:37:36.951,27A
B1153,801.0,UK017_2026-04-20_131441,CANCELLED,2025-12-20 11:37:36.951,8D
B1154,414.0,6F229_2026-04-20_131041,PENDING,2026-02-17 11:37:36.951,24A
B1155,831.0,6F074_2026-04-20_110941,CONFIRMED,2025-10-08 11:37:36.951,6D
B1156,582.0,SJ088_2026-04-20_135441,CONFIRMED,2026-03-25 11:37:36.951,5E
B1157,249.0,SJ167_2026-04-20_131841,CONFIRMED,2025-06-28 11:37:36.951,18B
B1158,,6F234_2026-04-20_112041,CONFIRMED,2025-07-20 11:37:36.951,22A
B1159,570.0,UK071_2026-04-20_105041,PENDING,2025-12-10 11:37:36.951,22F
B1160,,AI178_2026-04-20_130441,CANCELLED,2025-11-21 11:37:36.951,29A
B1161,715.0,UK104_2026-04-20_123041,CONFIRMED,2025-11-14 11:37:36.951,12A
B1162,26.0,AI146_2026-04-20_104041,UNKNOWN,2025-04-22 11:37:36.951,32D
B1163,300.0,SJ235_2026-04-20_095741,CANCELLED,2025-11-10 11:37:36.951,13D
B1164,1.0,6F209_2026-04-20_084041,CONFIRMED,2025-04-24 11:37:36.951,24A
B1165,172.0,AI129_2026-04-20_102941,CANCELLED,2025-08-20 11:37:36.951,2F
B1166,52.0,SJ141_2026-04-20_100041,CONFIRMED,2026-01-23 11:37:36.951,34D
B1167,499.0,SJ018_2026-04-20_105841,CANCELLED,2026-02-02 11:37:36.951,9F
B1168,104.0,UK120_2026-04-20_091941,CANCELLED,2025-10-14 11:37:36.951,11C
B1169,713.0,AI078_2026-04-20_085841,CONFIRMED,2025-11-15 11:37:36.951,11E
B1170,280.0,AI079_2026-04-20_110441,PENDING,2025-09-14 11:37:36.951,15E
B1171,34.0,UK087_2026-04-20_094941,CANCELLED,2025-09-19 11:37:36.951,21A
B1172,399.0,UK133_2026-04-20_100441,CONFIRMED,2026-01-17 11:37:36.951,8F
B1173,656.0,AI222_2026-04-20_121041,CANCELLED,2025-06-01 11:37:36.951,22E
B1174,,6F049_2026-04-20_100041,CANCELLED,2026-04-12 11:37:36.951,19D
B1175,736.0,6F105_2026-04-20_114641,PENDING,2026-01-29 11:37:36.951,27D
B1176,540.0,SJ226_2026-04-20_084741,CANCELLED,2025-04-17 11:37:36.951,7C
B1177,526.0,SJ227_2026-04-20_083241,CANCELLED,2025-07-29 11:37:36.951,34D
B1178,293.0,6F034_2026-04-20_115341,CONFIRMED,2026-02-05 11:37:36.951,34E
B1179,579.0,SJ078_2026-04-20_094141,CONFIRMED,2025-10-03 11:37:36.951,33D
B1180,277.0,AI240_2026-04-20_101941,PENDING,2026-04-10 11:37:36.951,22F
B1181,,SJ002_2026-04-20_075441,CANCELLED,2026-03-29 11:37:36.951,12E
B1182,655.0,AI044_2026-04-20_090341,CANCELLED,2025-08-11 11:37:36.951,3A
B1183,561.0,UK076_2026-04-20_080341,CANCELLED,2025-06-22 11:37:36.951,8C
B1184,101.0,6F232_2026-04-20_103941,PENDING,2025-08-01 11:37:36.951,28E
B1185,336.0,SJ228_2026-04-20_082941,CANCELLED,2025-08-16 11:37:36.951,25E
B1186,321.0,SJ074_2026-04-20_112141,CONFIRMED,2026-04-04 11:37:36.951,1B
B1187,165.0,UK229_2026-04-20_074041,PENDING,2025-08-04 11:37:36.951,7F
B1188,320.0,AI208_2026-04-20_083841,CONFIRMED,2026-04-04 11:37:36.951,6A
B1189,,AI019_2026-04-20_104941,CONFIRMED,2025-11-23 11:37:36.951,14F
B1190,63.0,6F029_2026-04-20_073141,PENDING,2025-05-23 11:37:36.951,12B
B1191,,6F018_2026-04-20_105741,CONFIRMED,2025-04-27 11:37:36.951,25B
B1192,622.0,AI059_2026-04-20_091641,CANCELLED,2025-06-23 11:37:36.951,7D
B1193,165.0,AI159_2026-04-20_092341,PENDING,2025-05-22 11:37:36.951,13D
B1194,425.0,6F091_2026-04-20_101041,CONFIRMED,2025-07-11 11:37:36.951,14F
B1195,394.0,6F084_2026-04-20_103441,CANCELLED,2025-07-20 11:37:36.951,10B
B1196,423.0,UK170_2026-04-20_094241,CANCELLED,2026-01-15 11:37:36.951,20C
B1197,,UK212_2026-04-20_104641,CONFIRMED,2025-05-19 11:37:36.951,2E
B1198,818.0,SJ022_2026-04-20_075641,UNKNOWN,2025-06-16 11:37:36.951,29A
B1199,,SJ075_2026-04-20_092641,PENDING,2025-12-13 11:37:36.951,30E
B1200,61.0,UK177_2026-04-20_062141,CONFIRMED,2025-09-17 11:37:36.951,16B
B1201,19.0,UK206_2026-04-20_060141,CANCELLED,2026-02-01 11:37:36.951,3A
B1202,554.0,UK079_2026-04-20_064341,CANCELLED,2025-04-29 11:37:36.951,29C
B1203,348.0,UK040_2026-04-20_091541,CONFIRMED,2025-06-21 11:37:36.951,3B
B1204,725.0,AI034_2026-04-20_054841,CONFIRMED,2025-07-25 11:37:36.951,30A
B1205,557.0,UK034_2026-04-20_064741,CONFIRMED,2025-10-18 11:37:36.951,23F
B1206,510.0,AI088_2026-04-20_063441,CONFIRMED,2025-07-02 11:37:36.951,13A
B1207,37.0,AI128_2026-04-20_060741,PENDING,2025-06-11 11:37:36.951,26A
B1208,258.0,SJ052_2026-04-20_082041,UNKNOWN,2025-07-22 11:37:36.951,9A
B1209,734.0,AI233_2026-04-20_080441,PENDING,2025-12-15 11:37:36.951,3A
B1210,546.0,AI012_2026-04-20_054441,PENDING,2026-01-20 11:37:36.951,3C
B1211,541.0,AI084_2026-04-20_083141,CONFIRMED,2025-07-07 11:37:36.951,34A
B1212,,6F126_2026-04-20_082141,PENDING,2025-07-08 11:37:36.951,34B
B1213,303.0,SJ061_2026-04-20_063841,CONFIRMED,2025-06-16 11:37:36.951,2E
B1214,172.0,UK194_2026-04-20_082641,UNKNOWN,2025-08-14 11:37:36.951,23B
B1215,605.0,AI135_2026-04-20_064041,CANCELLED,2025-08-08 11:37:36.951,28C
B1216,222.0,6F238_2026-04-20_083141,CONFIRMED,2025-12-09 11:37:36.951,10A
B1217,68.0,6F092_2026-04-20_083941,CANCELLED,2026-03-19 11:37:36.951,32C
B1218,438.0,AI213_2026-04-20_080341,PENDING,2025-11-13 11:37:36.951,2D
B1219,869.0,UK193_2026-04-20_083941,CANCELLED,2026-02-15 11:37:36.951,1B
B1220,512.0,6F178_2026-04-20_044841,PENDING,2026-04-04 11:37:36.951,29C
B1221,93.0,AI158_2026-04-20_060441,CONFIRMED,2026-03-06 11:37:36.951,19D
B1222,470.0,UK208_2026-04-20_035441,PENDING,2026-03-30 11:37:36.951,8A
B1223,676.0,6F056_2026-04-20_070041,UNKNOWN,2026-04-09 11:37:36.951,15A
B1224,161.0,UK185_2026-04-20_073141,CONFIRMED,2025-10-26 11:37:36.951,1E
B1225,218.0,AI163_2026-04-20_074541,PENDING,2026-01-13 11:37:36.951,4D
B1226,815.0,AI112_2026-04-20_044141,CONFIRMED,2025-08-23 11:37:36.951,15C
B1227,54.0,AI227_2026-04-20_043141,CANCELLED,2025-10-23 11:37:36.951,12A
B1228,771.0,SJ083_2026-04-20_051341,CONFIRMED,2026-04-17 11:37:36.951,29D
B1229,91.0,UK073_2026-04-20_035941,CONFIRMED,2026-02-07 11:37:36.951,13F
B1230,853.0,6F169_2026-04-20_032741,PENDING,2025-04-29 11:37:36.951,6C
B1231,777.0,UK154_2026-04-20_040041,CANCELLED,2026-04-06 11:37:36.951,27D
B1232,853.0,SJ169_2026-04-20_031041,CONFIRMED,2025-10-06 11:37:36.951,32F
B1233,453.0,6F187_2026-04-20_031941,CANCELLED,2025-05-13 11:37:36.951,5F
B1234,,UK210_2026-04-20_063541,CANCELLED,2025-11-21 11:37:36.951,33A
B1236,470.0,AI062_2026-04-20_064941,CONFIRMED,2025-07-05 11:37:36.951,25A
B1237,675.0,AI047_2026-04-20_063641,UNKNOWN,2025-11-16 11:37:36.951,15B
B1238,268.0,SJ186_2026-04-20_051141,UNKNOWN,2025-10-20 11:37:36.951,8E
B1239,192.0,AI217_2026-04-20_045741,CANCELLED,2025-11-17 11:37:36.951,30A
B1240,113.0,UK100_2026-04-20_044041,CONFIRMED,2025-12-31 11:37:36.951,17A
B1241,210.0,UK116_2026-04-20_031841,CONFIRMED,2025-12-16 11:37:36.951,10A
B1242,539.0,6F036_2026-04-20_021441,CANCELLED,2025-12-01 11:37:36.951,26C
B1243,592.0,AI175_2026-04-20_030841,CANCELLED,2026-01-22 11:37:36.951,29E
B1244,352.0,UK051_2026-04-20_035541,CONFIRMED,2025-08-18 11:37:36.951,27D
B1245,129.0,6F201_2026-04-20_020941,UNKNOWN,2026-04-17 11:37:36.951,26A
B1246,494.0,6F230_2026-04-20_033441,CONFIRMED,2026-04-09 11:37:36.951,33B
B1247,355.0,SJ138_2026-04-20_055541,CANCELLED,2025-08-13 11:37:36.951,15F
B1248,244.0,AI246_2026-04-20_032241,PENDING,2026-03-04 11:37:36.951,16B
B1249,679.0,6F179_2026-04-20_022541,CANCELLED,2025-06-06 11:37:36.951,26B
B1250,11.0,6F031_2026-04-20_020041,CANCELLED,2026-01-28 11:37:36.951,16F
B1251,773.0,UK015_2026-04-20_044641,PENDING,2025-08-30 11:37:36.951,29A
B1252,353.0,UK001_2026-04-20_050641,CANCELLED,2025-04-21 11:37:36.951,27C
B1253,304.0,6F133_2026-04-20_043841,CANCELLED,2026-02-27 11:37:36.951,15E
B1254,462.0,6F143_2026-04-20_020941,CANCELLED,2025-07-22 11:37:36.951,5D
B1255,98.0,UK165_2026-04-20_015141,CANCELLED,2025-09-22 11:37:36.951,23F
B1256,30.0,6F083_2026-04-20_052441,CANCELLED,2025-08-10 11:37:36.951,22B
B1257,69.0,AI082_2026-04-20_031941,CANCELLED,2025-08-19 11:37:36.951,11C
B1258,156.0,AI164_2026-04-20_035741,CANCELLED,2025-10-28 11:37:36.951,21F
B1259,756.0,SJ155_2026-04-20_003841,CANCELLED,2026-01-19 11:37:36.951,31F
B1260,64.0,AI189_2026-04-20_034441,CANCELLED,2026-01-04 11:37:36.951,1D
B1261,726.0,SJ057_2026-04-20_021741,CONFIRMED,2025-12-21 11:37:36.951,34A
B1262,326.0,SJ198_2026-04-20_004741,CONFIRMED,2025-05-07 11:37:36.951,16F
B1263,585.0,6F122_2026-04-20_014441,CANCELLED,2026-01-03 11:37:36.951,6C
B1264,393.0,SJ097_2026-04-20_023741,CONFIRMED,2026-04-15 11:37:36.951,12A
B1265,832.0,UK203_2026-04-20_041241,PENDING,2025-08-06 11:37:36.951,28F
B1266,891.0,UK093_2026-04-20_043141,CONFIRMED,2026-01-16 11:37:36.951,27F
B1267,92.0,AI205_2026-04-20_032641,CANCELLED,2025-05-21 11:37:36.951,32A
B1268,593.0,AI102_2026-04-20_001741,UNKNOWN,2026-01-16 11:37:36.951,12A
B1269,8.0,6F046_2026-04-20_012741,CONFIRMED,2025-09-06 11:37:36.951,4C
B1270,523.0,SJ017_2026-04-20_025741,UNKNOWN,2025-06-02 11:37:36.951,22E
B1271,627.0,6F156_2026-04-20_022341,PENDING,2025-10-20 11:37:36.951,28B
B1272,27.0,AI068_2026-04-20_024841,PENDING,2025-07-18 11:37:36.951,19A
B1273,799.0,AI150_2026-04-20_035141,UNKNOWN,2025-06-05 11:37:36.951,28B
B1274,106.0,UK008_2026-04-20_035741,PENDING,2025-10-15 11:37:36.951,20D
B1275,421.0,6F166_2026-04-20_000341,PENDING,2025-07-11 11:37:36.951,18F
B1276,824.0,6F177_2026-04-20_020341,CONFIRMED,2025-07-15 11:37:36.951,1A
B1277,,AI196_2026-04-20_025241,PENDING,2026-01-19 11:37:36.951,12E
B1278,354.0,SJ191_2026-04-20_030141,CONFIRMED,2025-08-09 11:37:36.951,5B
B1279,573.0,6F019_2026-04-20_001941,UNKNOWN,2025-05-10 11:37:36.951,28C
B1280,614.0,AI226_2026-04-20_011941,CONFIRMED,2026-04-12 11:37:36.951,33B
B1281,144.0,SJ207_2026-04-20_005241,CANCELLED,2026-01-21 11:37:36.951,4A
B1282,302.0,AI009_2026-04-20_013141,CANCELLED,2025-12-30 11:37:36.951,8B
B1283,767.0,AI103_2026-04-20_032641,UNKNOWN,2025-05-08 11:37:36.951,29D
B1284,236.0,SJ127_2026-04-20_012141,CANCELLED,2026-02-22 11:37:36.951,25F
B1285,75.0,UK188_2026-04-20_025541,CANCELLED,2026-03-26 11:37:36.951,25B
B1286,674.0,6F010_2026-04-19_235341,UNKNOWN,2025-09-25 11:37:36.951,33B
B1287,401.0,SJ098_2026-04-20_030241,CANCELLED,2025-12-13 11:37:36.951,5F
B1288,846.0,6F058_2026-04-20_010441,PENDING,2025-12-11 11:37:36.951,18C
B1289,157.0,SJ030_2026-04-20_023641,PENDING,2026-03-23 11:37:36.951,24F
B1290,212.0,UK175_2026-04-19_235641,CANCELLED,2025-07-26 11:37:36.951,16F
B1291,648.0,SJ108_2026-04-20_004041,PENDING,2026-04-01 11:37:36.951,28E
B1292,70.0,6F075_2026-04-19_222041,CONFIRMED,2025-08-03 11:37:36.951,7C
B1293,244.0,UK222_2026-04-20_012241,CONFIRMED,2025-08-31 11:37:36.951,25F
B1295,567.0,AI096_2026-04-19_214841,CANCELLED,2025-12-29 11:37:36.951,14B
B1296,57.0,AI216_2026-04-20_011041,CANCELLED,2025-12-23 11:37:36.951,1B
B1297,780.0,6F193_2026-04-20_003441,PENDING,2026-01-23 11:37:36.951,8A
B1298,290.0,SJ194_2026-04-19_224641,PENDING,2026-01-02 11:37:36.951,6C
B1299,94.0,SJ020_2026-04-19_221841,CONFIRMED,2025-09-11 11:37:36.951,16F
B1300,389.0,6F070_2026-04-19_232341,PENDING,2025-06-14 11:37:36.951,21C
B1301,780.0,AI051_2026-04-20_012741,CONFIRMED,2025-09-03 11:37:36.951,12A
B1302,649.0,UK219_2026-04-19_220341,PENDING,2025-12-27 11:37:36.951,3D
B1303,853.0,AI235_2026-04-19_224541,CONFIRMED,2025-12-13 11:37:36.951,20A
B1304,232.0,6F022_2026-04-19_214641,UNKNOWN,2025-12-13 11:37:36.951,18E
B1305,487.0,SJ114_2026-04-19_224241,PENDING,2025-09-28 11:37:36.951,13C
B1306,519.0,SJ076_2026-04-19_230141,CONFIRMED,2025-12-01 11:37:36.951,30A
B1307,104.0,UK227_2026-04-19_215741,PENDING,2026-01-26 11:37:36.951,32E
B1308,880.0,UK135_2026-04-19_235041,CANCELLED,2025-07-22 11:37:36.951,30D
B1309,283.0,AI234_2026-04-19_235041,CONFIRMED,2025-05-06 11:37:36.951,30F
B1310,893.0,6F113_2026-04-19_210441,PENDING,2025-08-20 11:37:36.951,5D
B1311,420.0,SJ206_2026-04-19_204341,PENDING,2025-11-16 11:37:36.951,9D
B1312,638.0,AI015_2026-04-19_232141,UNKNOWN,2026-03-29 11:37:36.951,6E
B1313,793.0,6F260_2026-04-19_215141,CANCELLED,2025-05-16 11:37:36.951,33E
B1314,421.0,AI061_2026-04-19_233141,CONFIRMED,2025-04-28 11:37:36.951,19C
B1315,771.0,6F237_2026-04-19_214141,PENDING,2026-03-26 11:37:36.951,9C
B1316,84.0,SJ099_2026-04-19_221441,PENDING,2026-01-06 11:37:36.951,27C
B1317,48.0,SJ146_2026-04-19_223741,CANCELLED,2026-02-24 11:37:36.951,21F
B1318,719.0,SJ146_2026-04-19_223741,CANCELLED,2025-05-23 11:37:36.951,29B
B1319,476.0,6F071_2026-04-19_201841,CONFIRMED,2025-05-04 11:37:36.951,4C
B1320,725.0,6F272_2026-04-19_233541,PENDING,2025-08-13 11:37:36.951,6C
B1321,90.0,SJ029_2026-04-19_225541,PENDING,2026-02-12 11:37:36.951,13A
B1322,,UK084_2026-04-19_204441,CONFIRMED,2025-07-27 11:37:36.951,6E
B1323,807.0,SJ048_2026-04-19_224341,CONFIRMED,2026-02-06 11:37:36.951,14D
B1324,338.0,AI108_2026-04-19_213241,CANCELLED,2026-02-04 11:37:36.951,33B
B1325,529.0,SJ134_2026-04-19_195841,CANCELLED,2025-08-11 11:37:36.951,3B
B1326,830.0,UK146_2026-04-19_214041,CONFIRMED,2025-10-31 11:37:36.951,14F
B1327,509.0,SJ036_2026-04-19_202441,CONFIRMED,2025-09-24 11:37:36.951,26C
B1328,585.0,6F202_2026-04-19_201841,PENDING,2025-11-01 11:37:36.951,33B
B1329,215.0,UK041_2026-04-19_223741,CONFIRMED,2026-02-13 11:37:36.951,22C
B1330,30.0,6F078_2026-04-19_220441,CONFIRMED,2025-12-06 11:37:36.951,23A
B1331,262.0,AI097_2026-04-19_184241,PENDING,2025-07-03 11:37:36.951,22C
B1332,578.0,UK159_2026-04-19_204541,CONFIRMED,2026-01-15 11:37:36.951,7D
B1333,527.0,UK044_2026-04-19_203141,CANCELLED,2025-09-06 11:37:36.951,12B
B1334,495.0,6F176_2026-04-19_202342,CANCELLED,2025-09-27 11:37:36.951,6F
B1335,106.0,SJ221_2026-04-19_183141,PENDING,2026-02-11 11:37:36.951,4A
B1336,185.0,6F112_2026-04-19_210041,CONFIRMED,2025-07-03 11:37:36.951,22A
B1337,27.0,6F246_2026-04-19_210041,UNKNOWN,2025-10-20 11:37:36.951,4C
B1338,,6F014_2026-04-19_194241,CANCELLED,2026-02-21 11:37:36.951,14C
B1339,433.0,AI237_2026-04-19_195841,CANCELLED,2025-09-17 11:37:36.951,28A
B1340,627.0,6F003_2026-04-19_200641,CANCELLED,2025-12-14 11:37:36.951,12E
B1341,231.0,6F249_2026-04-19_200641,CONFIRMED,2025-07-04 11:37:36.951,5A
B1342,713.0,UK149_2026-04-19_182241,CONFIRMED,2025-04-29 11:37:36.951,4A
B1343,,SJ163_2026-04-19_183241,CONFIRMED,2026-03-08 11:37:36.951,9F
B1344,825.0,SJ243_2026-04-19_181741,CONFIRMED,2026-03-28 11:37:36.951,1D
B1345,350.0,UK113_2026-04-19_183441,CANCELLED,2025-06-06 11:37:36.951,1A
B1346,57.0,AI071_2026-04-19_195541,PENDING,2025-06-07 11:37:36.951,30E
B1347,471.0,6F271_2026-04-19_193341,PENDING,2026-02-07 11:37:36.951,22A
B1348,390.0,SJ015_2026-04-19_214041,CANCELLED,2025-06-05 11:37:36.951,27E
B1349,528.0,UK047_2026-04-19_184041,CANCELLED,2025-11-19 11:37:36.951,9E
B1350,491.0,UK020_2026-04-19_212341,PENDING,2026-02-04 11:37:36.951,12A
B1351,621.0,AI122_2026-04-19_182541,PENDING,2025-09-03 11:37:36.951,27F
B1352,130.0,UK223_2026-04-19_215841,CANCELLED,2025-10-20 11:37:36.951,17D
B1353,,6F148_2026-04-19_202341,CANCELLED,2025-09-19 11:37:36.951,15F
B1354,271.0,SJ162_2026-04-19_201141,CONFIRMED,2025-12-14 11:37:36.951,34A
B1355,609.0,6F127_2026-04-19_182741,CONFIRMED,2026-03-30 11:37:36.951,28B
B1356,281.0,AI173_2026-04-19_173641,PENDING,2025-11-10 11:37:36.951,11F
B1357,430.0,6F065_2026-04-19_194041,UNKNOWN,2026-02-05 11:37:36.951,14A
B1358,357.0,AI053_2026-04-19_180441,PENDING,2025-06-22 11:37:36.951,20A
B1359,581.0,AI241_2026-04-19_201141,CONFIRMED,2025-10-22 11:37:36.951,14E
B1360,405.0,AI105_2026-04-19_201641,UNKNOWN,2025-06-15 11:37:36.951,18D
B1361,678.0,AI110_2026-04-19_170741,PENDING,2025-08-24 11:37:36.951,13F
B1362,723.0,AI252_2026-04-19_173041,CONFIRMED,2025-10-22 11:37:36.951,15B
B1363,157.0,AI149_2026-04-19_181941,CANCELLED,2025-12-14 11:37:36.951,3B
B1364,525.0,AI224_2026-04-19_165141,PENDING,2025-09-09 11:37:36.951,23F
B1365,29.0,UK158_2026-04-19_204941,CANCELLED,2025-07-03 11:37:36.951,15B
B1366,44.0,6F125_2026-04-19_170941,CANCELLED,2025-05-05 11:37:36.951,25E
B1367,120.0,UK164_2026-04-19_164641,CONFIRMED,2025-12-14 11:37:36.951,18A
B1368,,UK007_2026-04-19_185041,CANCELLED,2025-12-26 11:37:36.951,1E
B1369,873.0,6F118_2026-04-19_195241,PENDING,2026-03-18 11:37:36.951,15F
B1370,752.0,SJ004_2026-04-19_175241,CANCELLED,2026-01-01 11:37:36.951,19C
B1371,564.0,6F206_2026-04-19_163941,CANCELLED,2025-09-25 11:37:36.951,15E
B1372,529.0,SJ130_2026-04-19_165341,CANCELLED,2025-05-11 11:37:36.951,11D
B1373,53.0,SJ070_2026-04-19_185541,CANCELLED,2026-02-14 11:37:36.951,22F
B1374,98.0,AI085_2026-04-19_154541,CANCELLED,2025-04-24 11:37:36.951,7F
B1375,725.0,SJ109_2026-04-19_172441,CONFIRMED,2025-09-02 11:37:36.951,15B
B1376,,AI168_2026-04-19_155041,PENDING,2025-08-24 11:37:36.951,16B
B1377,688.0,UK123_2026-04-19_172441,CONFIRMED,2025-10-24 11:37:36.951,26A
B1378,735.0,UK110_2026-04-19_152641,PENDING,2026-01-16 11:37:36.951,30D
B1379,615.0,AI206_2026-04-19_163041,PENDING,2025-11-02 11:37:36.951,31C
B1380,347.0,6F007_2026-04-19_185541,PENDING,2026-04-16 11:37:36.951,6B
B1381,880.0,SJ013_2026-04-19_152541,PENDING,2025-11-11 11:37:36.951,33A
B1382,,UK061_2026-04-19_175841,PENDING,2025-09-19 11:37:36.951,20D
B1383,892.0,AI010_2026-04-19_150041,CANCELLED,2025-09-24 11:37:36.951,8C
B1384,259.0,AI024_2026-04-19_183841,CONFIRMED,2025-05-16 11:37:36.951,11D
B1385,66.0,UK130_2026-04-19_153641,CONFIRMED,2025-06-08 11:37:36.951,30B
B1386,687.0,AI161_2026-04-19_164041,CANCELLED,2026-03-12 11:37:36.951,10A
B1387,,SJ208_2026-04-19_183241,PENDING,2025-07-23 11:37:36.951,24F
B1388,792.0,6F038_2026-04-19_153641,UNKNOWN,2025-09-23 11:37:36.951,8D
B1389,517.0,6F085_2026-04-19_173241,UNKNOWN,2026-02-22 11:37:36.951,30D
B1390,744.0,SJ028_2026-04-19_150441,CANCELLED,2026-03-09 11:37:36.951,8C
B1391,361.0,SJ084_2026-04-19_183141,CONFIRMED,2025-11-26 11:37:36.951,21F
B1392,471.0,AI139_2026-04-19_182341,CONFIRMED,2026-03-27 11:37:36.951,21D
B1393,24.0,UK179_2026-04-19_142541,PENDING,2026-04-06 11:37:36.951,26E
B1394,283.0,6F256_2026-04-19_184041,PENDING,2025-07-23 11:37:36.951,23F
B1395,116.0,UK023_2026-04-19_141541,UNKNOWN,2026-02-10 11:37:36.951,23B
B1396,,AI039_2026-04-19_152441,UNKNOWN,2025-08-03 11:37:36.951,13E
B1397,515.0,UK190_2026-04-19_154941,CANCELLED,2026-02-05 11:37:36.951,28D
B1398,180.0,6F224_2026-04-19_165341,PENDING,2026-02-04 11:37:36.951,3E
B1399,724.0,UK221_2026-04-19_141841,PENDING,2025-05-31 11:37:36.951,7A
B1400,172.0,SJ107_2026-04-19_141041,CANCELLED,2026-04-02 11:37:36.951,12F
B1401,628.0,UK155_2026-04-19_143441,UNKNOWN,2025-04-20 11:37:36.951,21D
B1402,,UK183_2026-04-19_170741,CANCELLED,2026-03-21 11:37:36.951,7E
B1403,,SJ203_2026-04-19_162241,PENDING,2025-05-08 11:37:36.951,26A
B1404,645.0,6F253_2026-04-19_162641,UNKNOWN,2026-03-07 11:37:36.951,16A
B1405,,AI100_2026-04-19_144241,PENDING,2025-08-26 11:37:36.951,32F
B1406,410.0,6F140_2026-04-19_163041,CONFIRMED,2025-06-24 11:37:36.951,15D
B1407,479.0,UK048_2026-04-19_133641,CONFIRMED,2025-08-26 11:37:36.951,25A
B1408,777.0,SJ204_2026-04-19_163441,CONFIRMED,2025-07-29 11:37:36.951,12F
B1409,318.0,UK105_2026-04-19_170441,CONFIRMED,2026-03-24 11:37:36.951,28C
B1410,881.0,AI098_2026-04-19_160141,CONFIRMED,2026-04-13 11:37:36.951,32C
B1411,593.0,6F013_2026-04-19_131541,CANCELLED,2025-10-12 11:37:36.951,1A
B1412,541.0,6F128_2026-04-19_165641,CANCELLED,2025-11-18 11:37:36.951,28E
B1413,92.0,SJ038_2026-04-19_145741,UNKNOWN,2025-10-05 11:37:36.951,14A
B1414,558.0,SJ182_2026-04-19_164841,CONFIRMED,2026-01-07 11:37:36.951,25F
B1415,848.0,6F199_2026-04-19_151541,PENDING,2026-03-22 11:37:36.951,23B
B1416,,SJ187_2026-04-19_140741,CANCELLED,2025-08-17 11:37:36.951,20B
B1417,508.0,AI182_2026-04-19_124141,PENDING,2025-08-18 11:37:36.951,8E
B1418,251.0,SJ027_2026-04-19_125041,PENDING,2025-05-04 11:37:36.951,19D
B1419,623.0,SJ062_2026-04-19_133741,CONFIRMED,2026-01-20 11:37:36.951,20E
B1420,629.0,SJ161_2026-04-19_162241,CONFIRMED,2026-02-24 11:37:36.951,27B
B1421,885.0,UK058_2026-04-19_134641,UNKNOWN,2025-10-03 11:37:36.951,23C
B1422,567.0,AI181_2026-04-19_132941,CANCELLED,2026-01-04 11:37:36.951,12D
B1423,449.0,AI003_2026-04-19_132741,CONFIRMED,2025-06-12 11:37:36.951,14A
B1424,232.0,6F150_2026-04-19_125541,CANCELLED,2025-11-05 11:37:36.951,11D
B1425,345.0,SJ175_2026-04-19_124641,CANCELLED,2025-06-28 11:37:36.951,34E
B1426,798.0,6F041_2026-04-19_131941,CANCELLED,2025-12-15 11:37:36.951,17C
B1427,495.0,SJ040_2026-04-19_131241,CANCELLED,2026-04-15 11:37:36.951,16E
B1428,239.0,6F020_2026-04-19_145841,CONFIRMED,2025-06-17 11:37:36.951,27C
B1429,552.0,AI248_2026-04-19_151741,CANCELLED,2025-05-08 11:37:36.951,27B
B1430,,SJ016_2026-04-19_130141,CONFIRMED,2026-02-08 11:37:36.951,11A
B1431,785.0,UK204_2026-04-19_144641,CONFIRMED,2025-11-21 11:37:36.951,31C
B1432,297.0,6F211_2026-04-19_112941,CANCELLED,2025-09-02 11:37:36.951,9B
B1433,107.0,SJ166_2026-04-19_125141,CONFIRMED,2025-05-07 11:37:36.951,5B
B1434,249.0,AI036_2026-04-19_144541,PENDING,2025-10-19 11:37:36.951,30C
B1435,446.0,SJ215_2026-04-19_143741,CONFIRMED,2025-09-18 11:37:36.951,1E
B1436,254.0,AI076_2026-04-19_153741,CONFIRMED,2026-01-05 11:37:36.951,20B
B1437,248.0,SJ012_2026-04-19_150141,CANCELLED,2025-11-28 11:37:36.951,24A
B1438,691.0,AI073_2026-04-19_140841,UNKNOWN,2026-04-01 11:37:36.951,20D
B1439,750.0,SJ173_2026-04-19_142741,CONFIRMED,2025-11-09 11:37:36.951,27E
B1440,647.0,AI193_2026-04-19_113341,CANCELLED,2026-03-09 11:37:36.951,25E
B1441,802.0,SJ131_2026-04-19_150041,UNKNOWN,2025-09-22 11:37:36.951,13A
B1442,296.0,AI225_2026-04-19_150541,PENDING,2025-06-02 11:37:36.951,11E
B1443,192.0,AI190_2026-04-19_123841,CANCELLED,2025-10-09 11:37:36.951,9E
B1444,654.0,SJ238_2026-04-19_114141,CONFIRMED,2025-12-25 11:37:36.951,7B
B1445,826.0,6F005_2026-04-19_110441,PENDING,2025-12-21 11:37:36.951,5F
B1446,504.0,UK136_2026-04-19_114341,PENDING,2025-09-25 11:37:36.951,23C
B1447,887.0,SJ063_2026-04-19_133841,CONFIRMED,2025-05-21 11:37:36.951,15F
B1448,24.0,6F175_2026-04-19_131841,CANCELLED,2025-11-21 11:37:36.951,9E
B1449,25.0,AI037_2026-04-19_111441,PENDING,2025-05-23 11:37:36.951,19A
B1450,632.0,UK225_2026-04-19_124641,CONFIRMED,2025-11-11 11:37:36.951,21C
B1451,76.0,AI141_2026-04-19_101641,CONFIRMED,2025-05-20 11:37:36.951,15E
B1452,802.0,6F172_2026-04-19_095341,PENDING,2026-01-26 11:37:36.951,3E
B1453,847.0,6F219_2026-04-19_103241,CANCELLED,2026-02-07 11:37:36.951,16F
B1454,614.0,AI045_2026-04-19_115841,PENDING,2025-08-16 11:37:36.951,8E
B1455,,AI198_2026-04-19_105641,CONFIRMED,2026-04-12 11:37:36.951,30A
B1456,153.0,AI120_2026-04-19_121241,PENDING,2025-04-24 11:37:36.951,17F
B1457,630.0,6F134_2026-04-19_124741,CANCELLED,2025-06-11 11:37:36.951,32D
B1458,155.0,UK102_2026-04-19_115841,CONFIRMED,2025-11-19 11:37:36.951,10B
B1459,716.0,SJ199_2026-04-19_112941,CANCELLED,2025-06-10 11:37:36.951,1F
B1460,874.0,6F235_2026-04-19_110641,PENDING,2025-10-01 11:37:36.951,32E
B1461,210.0,UK065_2026-04-19_093841,PENDING,2025-10-14 11:37:36.951,33F
B1462,874.0,6F135_2026-04-19_125941,CANCELLED,2025-12-03 11:37:36.951,26D
B1463,551.0,SJ148_2026-04-19_095141,PENDING,2026-02-10 11:37:36.951,31C
B1464,331.0,AI083_2026-04-19_125441,CANCELLED,2026-03-07 11:37:36.951,6B
B1465,483.0,UK024_2026-04-19_082941,PENDING,2025-07-02 11:37:36.951,5C
B1466,707.0,UK220_2026-04-19_095141,CANCELLED,2025-04-27 11:37:36.951,28B
B1467,,UK115_2026-04-19_112041,CANCELLED,2025-04-30 11:37:36.951,25A
B1468,492.0,AI255_2026-04-19_084541,CONFIRMED,2025-07-16 11:37:36.951,14F
B1469,770.0,6F001_2026-04-19_113341,CONFIRMED,2025-12-25 11:37:36.951,11A
B1470,480.0,6F132_2026-04-19_120041,CANCELLED,2025-05-27 11:37:36.951,24E
B1471,67.0,UK184_2026-04-19_104941,PENDING,2026-03-28 11:37:36.951,8E
B1472,,6F098_2026-04-19_101841,PENDING,2025-06-06 11:37:36.951,3D
B1473,98.0,SJ168_2026-04-19_081741,PENDING,2025-07-19 11:37:36.951,21F
B1474,659.0,SJ178_2026-04-19_095841,CANCELLED,2025-07-28 11:37:36.951,14C
B1475,791.0,UK111_2026-04-19_110641,CANCELLED,2026-03-07 11:37:36.951,2C
B1476,861.0,SJ051_2026-04-19_084041,CANCELLED,2026-02-27 11:37:36.951,32E
B1477,620.0,SJ193_2026-04-19_093741,CANCELLED,2025-07-06 11:37:36.951,18E
B1478,255.0,SJ039_2026-04-19_084141,CONFIRMED,2026-02-24 11:37:36.951,28D
B1479,,UK066_2026-04-19_102941,CANCELLED,2025-12-17 11:37:36.951,22B
B1480,,SJ050_2026-04-19_112441,PENDING,2026-03-14 11:37:36.951,34B
B1481,870.0,6F052_2026-04-19_091341,CONFIRMED,2025-06-11 11:37:36.951,4D
B1482,243.0,SJ170_2026-04-19_101141,PENDING,2025-08-29 11:37:36.951,14E
B1483,374.0,SJ119_2026-04-19_085341,UNKNOWN,2025-06-09 11:37:36.951,26B
B1484,607.0,AI219_2026-04-19_092841,CONFIRMED,2025-05-07 11:37:36.951,13B
B1485,561.0,6F220_2026-04-19_102741,CANCELLED,2025-07-05 11:37:36.951,12D
B1486,707.0,AI207_2026-04-19_082441,CONFIRMED,2025-05-04 11:37:36.951,3D
B1487,771.0,6F024_2026-04-19_073141,PENDING,2026-01-26 11:37:36.951,5E
B1488,668.0,SJ073_2026-04-19_092641,CANCELLED,2025-05-04 11:37:36.951,27E
B1489,16.0,SJ201_2026-04-19_091041,CANCELLED,2025-07-08 11:37:36.951,24F
B1490,674.0,AI180_2026-04-19_101941,CONFIRMED,2026-03-10 11:37:36.951,29B
B1491,,UK022_2026-04-19_062241,CONFIRMED,2025-07-16 11:37:36.951,18F
B1492,713.0,AI202_2026-04-19_084441,CANCELLED,2026-03-27 11:37:36.951,29C
B1493,710.0,6F212_2026-04-19_061041,CONFIRMED,2025-06-01 11:37:36.952,26D
B1494,132.0,6F163_2026-04-19_064941,CANCELLED,2025-06-09 11:37:36.952,23F
B1495,,UK028_2026-04-19_090241,CONFIRMED,2025-10-15 11:37:36.952,27D
B1496,503.0,6F243_2026-04-19_093741,PENDING,2026-03-21 11:37:36.952,7D
B1497,832.0,AI165_2026-04-19_085141,CONFIRMED,2025-09-02 11:37:36.952,11F
B1498,600.0,UK099_2026-04-19_061641,PENDING,2025-07-18 11:37:36.952,3D
B1499,619.0,AI033_2026-04-19_052541,UNKNOWN,2025-06-17 11:37:36.952,17C
B1500,857.0,UK056_2026-04-19_092941,CONFIRMED,2025-04-30 11:37:36.952,22D
B1501,673.0,SJ122_2026-04-19_052241,CANCELLED,2025-09-04 11:37:36.952,23D
B1502,382.0,AI086_2026-04-19_071341,CONFIRMED,2025-10-15 11:37:36.952,23F
B1503,804.0,SJ011_2026-04-19_051441,CONFIRMED,2025-10-17 11:37:36.952,25C
B1504,333.0,SJ021_2026-04-19_054841,PENDING,2025-04-21 11:37:36.952,4E
B1505,583.0,SJ106_2026-04-19_071641,CONFIRMED,2025-11-29 11:37:36.952,8F
B1506,,SJ026_2026-04-19_052241,CANCELLED,2026-01-29 11:37:36.952,9E
B1507,47.0,SJ245_2026-04-19_060741,PENDING,2025-11-27 11:37:36.952,20A
B1508,611.0,AI023_2026-04-19_061041,UNKNOWN,2025-07-31 11:37:36.952,9C
B1509,98.0,AI032_2026-04-19_072641,CANCELLED,2025-09-25 11:37:36.952,14F
B1510,197.0,AI236_2026-04-19_045241,CANCELLED,2025-05-11 11:37:36.952,19F
B1511,593.0,6F094_2026-04-19_073741,CANCELLED,2025-12-24 11:37:36.952,15C
B1512,826.0,UK163_2026-04-19_072241,PENDING,2025-12-21 11:37:36.952,4A
B1513,385.0,UK163_2026-04-19_072241,CONFIRMED,2025-06-30 11:37:36.952,32B
B1514,67.0,SJ045_2026-04-19_041641,CANCELLED,2025-05-07 11:37:36.952,21E
B1515,883.0,SJ006_2026-04-19_082541,PENDING,2025-07-06 11:37:36.952,26A
B1516,749.0,SJ103_2026-04-19_051641,CANCELLED,2025-08-05 11:37:36.952,34F
B1517,,6F221_2026-04-19_052041,UNKNOWN,2026-01-16 11:37:36.952,31B
B1518,679.0,SJ147_2026-04-19_043041,UNKNOWN,2026-03-20 11:37:36.952,30A
B1519,406.0,SJ064_2026-04-19_062941,PENDING,2026-03-25 11:37:36.952,3C
B1520,828.0,AI028_2026-04-19_075341,CONFIRMED,2026-04-02 11:37:36.952,27A
B1521,170.0,AI148_2026-04-19_054141,PENDING,2025-11-08 11:37:36.952,31E
B1522,65.0,6F263_2026-04-19_070741,CONFIRMED,2025-08-31 11:37:36.952,1C
B1523,869.0,SJ067_2026-04-19_071741,PENDING,2025-05-19 11:37:36.952,21F
B1524,138.0,6F061_2026-04-19_072841,PENDING,2025-06-17 11:37:36.952,23D
B1525,225.0,AI254_2026-04-19_044641,UNKNOWN,2025-05-29 11:37:36.952,11E
B1526,692.0,SJ136_2026-04-19_054541,CONFIRMED,2025-11-15 11:37:36.952,17D
B1527,492.0,AI046_2026-04-19_050941,PENDING,2025-07-09 11:37:36.952,8A
B1528,838.0,UK174_2026-04-19_052741,PENDING,2026-03-28 11:37:36.952,6E
B1529,588.0,6F066_2026-04-19_060741,UNKNOWN,2025-04-30 11:37:36.952,34C
B1530,91.0,UK095_2026-04-19_052241,UNKNOWN,2025-12-08 11:37:36.952,23E
B1531,815.0,6F063_2026-04-19_044241,PENDING,2026-04-01 11:37:36.952,30F
B1532,251.0,UK118_2026-04-19_062241,PENDING,2025-04-22 11:37:36.952,30A
B1533,514.0,UK218_2026-04-19_031241,PENDING,2025-09-15 11:37:36.952,28D
B1534,597.0,UK031_2026-04-19_034541,CONFIRMED,2025-09-11 11:37:36.952,34E
B1535,845.0,UK142_2026-04-19_030341,PENDING,2026-04-02 11:37:36.952,6C
B1536,414.0,AI002_2026-04-19_051241,UNKNOWN,2025-06-01 11:37:36.952,4C
B1537,96.0,UK070_2026-04-19_043641,CONFIRMED,2025-10-08 11:37:36.952,21F
B1538,847.0,SJ121_2026-04-19_053241,PENDING,2026-03-17 11:37:36.952,8E
B1539,545.0,UK201_2026-04-19_042941,CONFIRMED,2025-06-11 11:37:36.952,20B
B1540,589.0,AI138_2026-04-19_055041,CANCELLED,2026-01-15 11:37:36.952,7E
B1541,652.0,SJ014_2026-04-19_054041,CONFIRMED,2025-12-16 11:37:36.952,26A
B1542,214.0,SJ053_2026-04-19_050041,PENDING,2025-12-13 11:37:36.952,14F
B1543,358.0,SJ241_2026-04-19_035741,CANCELLED,2025-06-16 11:37:36.952,4F
B1544,458.0,AI249_2026-04-19_033841,CANCELLED,2025-09-01 11:37:36.952,16A
B1545,625.0,AI176_2026-04-19_042041,PENDING,2026-03-08 11:37:36.952,8A
B1546,229.0,SJ234_2026-04-19_042041,PENDING,2026-04-02 11:37:36.952,32B
B1547,477.0,6F115_2026-04-19_044141,PENDING,2025-04-18 11:37:36.952,16C
B1548,72.0,AI020_2026-04-19_035341,CONFIRMED,2025-10-04 11:37:36.952,7E
B1549,48.0,AI020_2026-04-19_035341,CONFIRMED,2025-12-16 11:37:36.952,24A
B1550,804.0,6F079_2026-04-19_021441,CONFIRMED,2025-12-06 11:37:36.952,10D
B1551,824.0,6F104_2026-04-19_053941,UNKNOWN,2025-11-14 11:37:36.952,8E
B1552,699.0,UK046_2026-04-19_033741,PENDING,2026-02-06 11:37:36.952,32D
B1553,207.0,SJ217_2026-04-19_025741,CONFIRMED,2025-11-15 11:37:36.952,33D
B1554,,6F142_2026-04-19_020541,CANCELLED,2025-08-26 11:37:36.952,8D
B1555,170.0,SJ139_2026-04-19_022041,CONFIRMED,2026-04-04 11:37:36.952,3B
B1556,32.0,6F059_2026-04-19_011241,CANCELLED,2026-01-18 11:37:36.952,31D
B1557,718.0,6F067_2026-04-19_025941,PENDING,2025-08-10 11:37:36.952,17A
B1558,665.0,AI007_2026-04-19_040141,PENDING,2025-08-07 11:37:36.952,27A
B1559,121.0,UK202_2026-04-19_011141,CONFIRMED,2026-01-20 11:37:36.952,5F
B1560,573.0,AI200_2026-04-19_020541,CONFIRMED,2026-03-07 11:37:36.952,18C
B1561,403.0,UK172_2026-04-19_022041,PENDING,2026-01-27 11:37:36.952,18C
B1562,746.0,6F214_2026-04-19_012141,CONFIRMED,2025-05-01 11:37:36.952,10B
B1563,679.0,UK037_2026-04-19_011041,PENDING,2025-09-11 11:37:36.952,27B
B1564,392.0,AI022_2026-04-19_031541,PENDING,2025-08-14 11:37:36.952,17F
B1565,634.0,AI243_2026-04-19_025041,CANCELLED,2026-02-06 11:37:36.952,20D
B1566,455.0,SJ174_2026-04-19_040941,CONFIRMED,2025-10-08 11:37:36.952,29F
B1567,,SJ079_2026-04-19_015841,PENDING,2025-11-13 11:37:36.952,9A
B1568,292.0,UK097_2026-04-19_004941,CONFIRMED,2025-12-21 11:37:36.952,21A
B1569,191.0,AI013_2026-04-19_034141,CANCELLED,2025-12-26 11:37:36.952,14E
B1570,557.0,UK196_2026-04-19_003241,CANCELLED,2025-11-21 11:37:36.952,25E
B1571,297.0,SJ213_2026-04-19_011941,CONFIRMED,2025-11-06 11:37:36.952,2C
B1572,336.0,UK119_2026-04-19_002141,CONFIRMED,2025-05-26 11:37:36.952,5D
B1573,419.0,AI043_2026-04-19_002841,PENDING,2026-03-18 11:37:36.952,19B
B1574,,AI043_2026-04-19_002841,CANCELLED,2025-04-29 11:37:36.952,18A
B1575,744.0,AI143_2026-04-19_035841,CANCELLED,2025-06-16 11:37:36.952,2B
B1576,587.0,SJ032_2026-04-19_021141,UNKNOWN,2025-10-20 11:37:36.952,6F
B1577,,6F050_2026-04-19_003541,CONFIRMED,2026-01-24 11:37:36.952,23A
B1578,549.0,AI134_2026-04-19_002841,PENDING,2025-12-25 11:37:36.952,6B
B1579,412.0,6F182_2026-04-19_021041,CONFIRMED,2025-04-24 11:37:36.952,28E
B1580,861.0,SJ086_2026-04-19_003241,CONFIRMED,2025-10-08 11:37:36.952,20D
B1581,119.0,6F170_2026-04-19_024441,CONFIRMED,2025-08-06 11:37:36.952,3D
B1582,83.0,UK168_2026-04-19_032041,PENDING,2025-04-24 11:37:36.952,34B
B1583,,SJ072_2026-04-19_011841,UNKNOWN,2026-02-22 11:37:36.952,33D
B1584,524.0,UK075_2026-04-18_231541,CANCELLED,2025-04-28 11:37:36.952,21C
B1585,27.0,6F233_2026-04-18_235641,CANCELLED,2026-01-08 11:37:36.952,1C
B1586,649.0,SJ143_2026-04-19_025541,CANCELLED,2025-11-13 11:37:36.952,25B
B1587,480.0,SJ246_2026-04-19_024741,PENDING,2025-06-28 11:37:36.952,34E
B1588,300.0,SJ247_2026-04-18_233841,CONFIRMED,2025-11-04 11:37:36.952,10B
B1589,268.0,UK157_2026-04-19_024141,PENDING,2025-08-31 11:37:36.952,3D
B1590,120.0,UK069_2026-04-19_011041,CONFIRMED,2026-04-01 11:37:36.952,25B
B1591,265.0,AI106_2026-04-19_020741,CANCELLED,2025-11-20 11:37:36.952,8A
B1592,158.0,UK085_2026-04-19_021541,CONFIRMED,2025-11-17 11:37:36.952,24F
B1593,648.0,6F087_2026-04-18_232441,UNKNOWN,2025-09-24 11:37:36.952,1A
B1594,845.0,AI067_2026-04-18_233641,CONFIRMED,2025-06-01 11:37:36.952,25E
B1595,22.0,6F226_2026-04-19_003841,PENDING,2026-01-07 11:37:36.952,4E
B1596,91.0,SJ210_2026-04-18_232141,CONFIRMED,2025-12-20 11:37:36.952,15E
B1597,369.0,6F269_2026-04-19_013041,CONFIRMED,2025-10-23 11:37:36.952,33A
B1598,320.0,UK013_2026-04-18_235241,CONFIRMED,2026-01-02 11:37:36.952,11B
B1599,128.0,UK013_2026-04-18_235241,PENDING,2025-09-30 11:37:36.952,9E
B1600,460.0,UK143_2026-04-19_013441,PENDING,2025-07-20 11:37:36.952,2C
B1601,736.0,6F262_2026-04-19_014441,PENDING,2025-09-07 11:37:36.952,28D
B1602,159.0,6F042_2026-04-18_223541,UNKNOWN,2025-07-07 11:37:36.952,2A
B1603,27.0,SJ118_2026-04-19_010841,CANCELLED,2025-12-06 11:37:36.952,17E
B1604,834.0,SJ118_2026-04-19_010841,CANCELLED,2025-11-17 11:37:36.952,3C
B1605,454.0,SJ082_2026-04-19_015441,CANCELLED,2025-10-03 11:37:36.952,6C
B1606,591.0,6F015_2026-04-18_233941,CONFIRMED,2025-07-18 11:37:36.952,23E
B1607,738.0,AI101_2026-04-18_232041,UNKNOWN,2026-02-02 11:37:36.952,30F
B1608,317.0,SJ110_2026-04-19_014741,CANCELLED,2025-06-28 11:37:36.952,10B
B1609,506.0,SJ042_2026-04-18_223841,CANCELLED,2025-10-21 11:37:36.952,19D
B1610,270.0,6F145_2026-04-19_010241,CONFIRMED,2025-10-13 11:37:36.952,27A
B1611,648.0,UK029_2026-04-18_232641,CANCELLED,2026-01-05 11:37:36.952,14C
B1612,749.0,SJ200_2026-04-18_232441,CANCELLED,2025-04-18 11:37:36.952,28C
B1613,846.0,SJ209_2026-04-18_222241,CONFIRMED,2026-01-29 11:37:36.952,6A
B1614,175.0,AI116_2026-04-18_223041,UNKNOWN,2025-05-11 11:37:36.952,30B
B1615,606.0,6F117_2026-04-19_004641,CANCELLED,2025-05-23 11:37:36.952,33B
B1616,59.0,SJ181_2026-04-19_002041,PENDING,2025-12-23 11:37:36.952,17A
B1617,675.0,AI070_2026-04-19_000541,UNKNOWN,2025-05-10 11:37:36.952,18A
B1618,690.0,AI070_2026-04-19_000541,CONFIRMED,2026-01-19 11:37:36.952,1B
B1619,598.0,UK042_2026-04-18_205941,PENDING,2026-02-05 11:37:36.952,13A
B1620,196.0,AI169_2026-04-18_212141,PENDING,2026-02-24 11:37:36.952,1B
B1621,,6F021_2026-04-18_212341,PENDING,2025-12-21 11:37:36.952,27A
B1622,152.0,SJ046_2026-04-18_220141,PENDING,2025-06-23 11:37:36.952,19F
B1623,496.0,AI211_2026-04-18_233441,CANCELLED,2025-08-17 11:37:36.952,22B
B1624,789.0,SJ091_2026-04-18_231041,CANCELLED,2025-12-20 11:37:36.952,34F
B1625,213.0,AI123_2026-04-18_221941,PENDING,2026-04-05 11:37:36.952,7D
B1626,710.0,6F053_2026-04-18_202641,CANCELLED,2025-04-17 11:37:36.952,25C
B1627,494.0,UK012_2026-04-18_221641,PENDING,2026-01-09 11:37:36.952,27E
B1628,178.0,6F023_2026-04-18_201841,PENDING,2025-11-25 11:37:36.952,33A
B1629,462.0,AI250_2026-04-18_204841,CONFIRMED,2026-01-02 11:37:36.952,11A
B1630,301.0,AI238_2026-04-18_192541,PENDING,2026-04-07 11:37:36.952,26F
B1631,688.0,UK096_2026-04-18_221141,CANCELLED,2026-02-17 11:37:36.952,24F
B1632,709.0,UK126_2026-04-18_223741,PENDING,2026-03-30 11:37:36.952,1D
B1633,275.0,SJ195_2026-04-18_204141,CONFIRMED,2025-08-30 11:37:36.952,8E
B1634,743.0,SJ171_2026-04-18_205241,CANCELLED,2025-12-25 11:37:36.952,1C
B1635,397.0,AI136_2026-04-18_202941,UNKNOWN,2025-08-14 11:37:36.952,7C
B1637,459.0,6F035_2026-04-18_191641,PENDING,2025-12-01 11:37:36.952,27C
B1638,765.0,UK088_2026-04-18_191641,CONFIRMED,2026-02-23 11:37:36.952,22C
B1639,818.0,6F009_2026-04-18_202141,CONFIRMED,2025-09-14 11:37:36.952,24E
B1640,357.0,6F004_2026-04-18_195341,CANCELLED,2026-01-28 11:37:36.952,30B
B1641,720.0,UK122_2026-04-18_202942,UNKNOWN,2026-03-27 11:37:36.952,28D
B1642,543.0,AI251_2026-04-18_224041,PENDING,2026-02-15 11:37:36.952,4E
B1643,137.0,AI027_2026-04-18_194141,PENDING,2026-02-04 11:37:36.952,14A
B1644,681.0,SJ165_2026-04-18_200841,PENDING,2025-10-20 11:37:36.952,20E
B1645,743.0,UK081_2026-04-18_220041,CONFIRMED,2025-08-16 11:37:36.952,17D
B1646,368.0,UK191_2026-04-18_215141,CANCELLED,2025-09-27 11:37:36.952,28C
B1647,256.0,SJ188_2026-04-18_221541,PENDING,2025-11-06 11:37:36.952,14F
B1648,326.0,6F016_2026-04-18_221841,CONFIRMED,2025-08-09 11:37:36.952,33D
B1649,343.0,6F064_2026-04-18_214541,PENDING,2026-04-05 11:37:36.952,4F
B1650,180.0,SJ105_2026-04-18_192241,UNKNOWN,2026-04-03 11:37:36.952,10D
B1651,508.0,SJ054_2026-04-18_181341,CANCELLED,2025-09-09 11:37:36.952,21B
B1652,320.0,6F197_2026-04-18_175941,PENDING,2025-12-19 11:37:36.952,23C
B1653,493.0,AI040_2026-04-18_210141,CANCELLED,2026-03-26 11:37:36.952,31B
B1654,389.0,AI131_2026-04-18_195541,UNKNOWN,2025-08-14 11:37:36.952,31A
B1655,15.0,6F141_2026-04-18_202641,PENDING,2025-10-09 11:37:36.952,7D
B1656,,UK035_2026-04-18_210841,CONFIRMED,2025-05-12 11:37:36.952,26E
B1657,343.0,AI005_2026-04-18_212441,CONFIRMED,2025-08-28 11:37:36.952,12B
B1658,613.0,AI001_2026-04-18_190041,CONFIRMED,2025-06-22 11:37:36.952,18D
B1659,462.0,UK211_2026-04-18_203941,PENDING,2026-01-17 11:37:36.952,6D
B1660,676.0,SJ189_2026-04-18_170541,CANCELLED,2026-04-04 11:37:36.952,12D
B1661,805.0,UK006_2026-04-18_201641,PENDING,2025-04-21 11:37:36.952,18D
B1662,,6F189_2026-04-18_200841,CONFIRMED,2025-10-13 11:37:36.952,17A
B1663,212.0,AI133_2026-04-18_191241,CANCELLED,2025-05-16 11:37:36.952,15B
B1664,645.0,SJ216_2026-04-18_183541,CONFIRMED,2025-11-08 11:37:36.952,25B
B1665,858.0,SJ133_2026-04-18_185041,CANCELLED,2026-03-04 11:37:36.952,29D
B1666,227.0,UK082_2026-04-18_165041,PENDING,2026-03-05 11:37:36.952,32C
B1667,273.0,6F136_2026-04-18_202441,CANCELLED,2026-02-16 11:37:36.952,32C
B1668,653.0,6F039_2026-04-18_164341,PENDING,2025-04-30 11:37:36.952,3B
B1669,196.0,AI011_2026-04-18_165841,CONFIRMED,2025-06-16 11:37:36.952,3E
B1670,145.0,SJ225_2026-04-18_181641,CANCELLED,2025-05-12 11:37:36.952,16C
B1671,64.0,SJ024_2026-04-18_162941,CONFIRMED,2025-07-08 11:37:36.952,22C
B1672,357.0,AI109_2026-04-18_155341,CANCELLED,2025-08-01 11:37:36.952,14E
B1673,78.0,AI147_2026-04-18_181441,UNKNOWN,2025-06-12 11:37:36.952,28B
B1674,242.0,UK057_2026-04-18_152541,CANCELLED,2025-11-03 11:37:36.952,18C
B1675,64.0,6F111_2026-04-18_170941,CANCELLED,2025-08-01 11:37:36.952,9A
B1676,553.0,AI197_2026-04-18_162541,PENDING,2026-04-14 11:37:36.952,24C
B1677,313.0,UK127_2026-04-18_155641,PENDING,2026-01-31 11:37:36.952,29C
B1678,858.0,6F240_2026-04-18_153141,PENDING,2025-12-31 11:37:36.952,24B
B1679,655.0,6F257_2026-04-18_160441,CANCELLED,2025-08-17 11:37:36.952,25A
B1680,830.0,AI253_2026-04-18_161341,UNKNOWN,2026-03-19 11:37:36.952,11F
B1681,607.0,SJ135_2026-04-18_160341,CANCELLED,2026-04-02 11:37:36.952,15C
B1682,383.0,UK112_2026-04-18_170541,CANCELLED,2025-07-10 11:37:36.952,20B
B1683,549.0,AI050_2026-04-18_170741,CONFIRMED,2025-08-07 11:37:36.952,9C
B1684,159.0,UK060_2026-04-18_160941,PENDING,2025-11-18 11:37:36.952,8E
B1685,610.0,SJ183_2026-04-18_174441,CANCELLED,2025-05-15 11:37:36.952,25E
B1686,107.0,UK138_2026-04-18_164741,CONFIRMED,2025-11-17 11:37:36.952,23E
B1687,201.0,SJ071_2026-04-18_174341,PENDING,2025-10-12 11:37:36.952,22F
B1688,,AI057_2026-04-18_155341,PENDING,2025-06-14 11:37:36.952,9D
B1689,29.0,SJ151_2026-04-18_174441,CANCELLED,2025-07-10 11:37:36.952,20B
B1690,479.0,SJ144_2026-04-18_153541,PENDING,2025-06-28 11:37:36.952,12C
B1691,,SJ087_2026-04-18_142041,PENDING,2026-01-23 11:37:36.952,12E
B1692,341.0,SJ066_2026-04-18_174741,CONFIRMED,2026-04-02 11:37:36.952,18A
B1693,120.0,AI247_2026-04-18_155841,CONFIRMED,2026-01-02 11:37:36.952,11F
B1694,895.0,SJ102_2026-04-18_172641,PENDING,2026-04-01 11:37:36.952,24D
B1695,559.0,6F252_2026-04-18_142541,CONFIRMED,2026-04-13 11:37:36.952,4F
B1696,,6F055_2026-04-18_162141,PENDING,2025-11-28 11:37:36.952,11C
B1697,662.0,AI204_2026-04-18_134041,CANCELLED,2025-11-12 11:37:36.952,34B
B1698,2.0,AI016_2026-04-18_141541,CONFIRMED,2026-02-02 11:37:36.952,31D
B1699,777.0,AI209_2026-04-18_172541,PENDING,2025-12-11 11:37:36.952,15D
B1700,93.0,SJ211_2026-04-18_162241,PENDING,2026-01-04 11:37:36.952,14B
B1701,488.0,6F103_2026-04-18_153741,CONFIRMED,2025-10-16 11:37:36.952,13F
B1702,53.0,UK182_2026-04-18_141941,CONFIRMED,2025-04-22 11:37:36.952,31F
B1703,353.0,6F264_2026-04-18_140341,CANCELLED,2025-12-25 11:37:36.952,19B
B1704,622.0,6F027_2026-04-18_165241,PENDING,2025-07-23 11:37:36.952,29A
B1705,842.0,UK198_2026-04-18_164341,CANCELLED,2026-01-31 11:37:36.952,3B
B1706,308.0,6F171_2026-04-18_170341,CANCELLED,2025-09-07 11:37:36.952,15C
B1707,767.0,AI004_2026-04-18_135841,CANCELLED,2025-07-05 11:37:36.952,1B
B1708,18.0,6F157_2026-04-18_163741,CONFIRMED,2025-11-22 11:37:36.952,3C
B1709,232.0,AI018_2026-04-18_131241,CANCELLED,2025-10-03 11:37:36.952,22B
B1710,287.0,UK098_2026-04-18_133841,CONFIRMED,2025-08-05 11:37:36.952,21E
B1711,36.0,6F167_2026-04-18_162641,UNKNOWN,2026-01-29 11:37:36.952,4C
B1712,594.0,AI228_2026-04-18_131641,CANCELLED,2025-09-06 11:37:36.952,17C
B1713,491.0,SJ242_2026-04-18_145541,CANCELLED,2025-08-31 11:37:36.952,17D
B1714,350.0,6F227_2026-04-18_131641,PENDING,2025-12-11 11:37:36.952,34C
B1715,574.0,6F037_2026-04-18_145141,CANCELLED,2025-08-27 11:37:36.952,20C
B1716,831.0,6F107_2026-04-18_141441,PENDING,2025-12-22 11:37:36.952,28A
B1717,24.0,SJ125_2026-04-18_142141,CANCELLED,2025-11-06 11:37:36.952,14A
B1718,,UK117_2026-04-18_131741,CANCELLED,2025-06-17 11:37:36.952,9B
B1719,,6F192_2026-04-18_122041,CANCELLED,2025-11-12 11:37:36.952,29E
B1720,292.0,AI201_2026-04-18_151941,CANCELLED,2025-11-27 11:37:36.952,27B
B1721,,SJ126_2026-04-18_134741,PENDING,2026-03-25 11:37:36.952,21A
B1722,469.0,AI177_2026-04-18_141141,PENDING,2026-02-10 11:37:36.952,5E
B1723,731.0,AI092_2026-04-18_133641,CANCELLED,2025-12-23 11:37:36.952,26B
B1724,691.0,6F076_2026-04-18_153541,CANCELLED,2025-10-10 11:37:36.952,11D
B1725,,AI185_2026-04-18_121641,PENDING,2025-04-29 11:37:36.952,1E
B1726,819.0,AI055_2026-04-18_143941,CONFIRMED,2025-05-14 11:37:36.952,2B
B1727,813.0,6F222_2026-04-18_140141,CONFIRMED,2026-03-15 11:37:36.952,27D
B1728,511.0,AI090_2026-04-18_133741,CONFIRMED,2025-12-12 11:37:36.952,1C
B1729,824.0,AI183_2026-04-18_142441,PENDING,2025-06-03 11:37:36.952,4F
B1730,,AI041_2026-04-18_140841,PENDING,2025-04-29 11:37:36.952,25F
B1731,335.0,6F210_2026-04-18_115141,CONFIRMED,2025-07-12 11:37:36.952,25F
B1732,264.0,AI170_2026-04-18_112741,CONFIRMED,2026-01-15 11:37:36.952,3A
B1733,299.0,SJ008_2026-04-18_105341,CANCELLED,2026-04-16 11:37:36.952,2E
B1734,549.0,AI049_2026-04-18_133541,PENDING,2025-09-29 11:37:36.952,27E
B1735,237.0,SJ132_2026-04-18_144441,PENDING,2025-05-12 11:37:36.952,34E
B1736,889.0,SJ224_2026-04-18_124141,CONFIRMED,2026-01-26 11:37:36.952,28E
B1737,706.0,UK038_2026-04-18_122241,CONFIRMED,2025-06-11 11:37:36.952,1E
B1738,777.0,SJ220_2026-04-18_134541,PENDING,2025-08-14 11:37:36.952,27B
B1739,186.0,6F124_2026-04-18_104741,CANCELLED,2025-06-29 11:37:36.952,34F
B1740,627.0,SJ164_2026-04-18_131441,CONFIRMED,2025-11-16 11:37:36.952,14D
B1741,618.0,AI026_2026-04-18_141441,PENDING,2025-05-18 11:37:36.952,18E
B1742,850.0,6F144_2026-04-18_115641,PENDING,2025-09-14 11:37:36.952,16D
B1743,351.0,6F137_2026-04-18_104541,UNKNOWN,2025-11-21 11:37:36.952,6F
B1744,798.0,UK139_2026-04-18_105441,CANCELLED,2025-09-05 11:37:36.952,10A
B1745,733.0,UK139_2026-04-18_105441,CONFIRMED,2025-05-20 11:37:36.952,27B
B1746,427.0,SJ140_2026-04-18_104241,CONFIRMED,2025-08-31 11:37:36.952,34D
B1747,376.0,6F131_2026-04-18_102241,CONFIRMED,2025-04-20 11:37:36.952,9F
B1748,64.0,UK128_2026-04-18_112241,PENDING,2025-11-15 11:37:36.952,9A
B1749,431.0,SJ219_2026-04-18_093241,CONFIRMED,2026-02-19 11:37:36.952,23D
B1750,96.0,SJ159_2026-04-18_122241,PENDING,2025-09-21 11:37:36.952,33D
B1751,678.0,UK192_2026-04-18_125441,CONFIRMED,2025-09-19 11:37:36.952,17E
B1752,148.0,AI014_2026-04-18_102441,CANCELLED,2025-08-13 11:37:36.952,34F
B1753,,SJ152_2026-04-18_120941,CANCELLED,2025-08-08 11:37:36.952,5C
B1754,197.0,SJ060_2026-04-18_085141,PENDING,2026-02-11 11:37:36.952,3C
B1755,847.0,AI127_2026-04-18_103741,CANCELLED,2026-02-17 11:37:36.952,10F
B1756,193.0,SJ096_2026-04-18_102941,PENDING,2026-01-27 11:37:36.952,11F
B1757,464.0,AI215_2026-04-18_120741,PENDING,2025-04-24 11:37:36.952,22B
B1758,14.0,UK009_2026-04-18_113441,CANCELLED,2026-02-28 11:37:36.952,26B
B1759,,AI171_2026-04-18_105141,PENDING,2025-10-26 11:37:36.952,16F
B1760,790.0,UK151_2026-04-18_101141,CANCELLED,2026-01-14 11:37:36.952,31B
B1761,299.0,AI099_2026-04-18_110741,CONFIRMED,2025-05-22 11:37:36.952,15A
B1762,,UK050_2026-04-18_123941,CONFIRMED,2025-06-04 11:37:36.952,32B
B1763,783.0,UK092_2026-04-18_114241,CANCELLED,2025-10-06 11:37:36.952,3B
B1764,503.0,SJ058_2026-04-18_085841,CANCELLED,2025-06-20 11:37:36.952,13B
B1765,545.0,SJ090_2026-04-18_102441,CANCELLED,2025-12-21 11:37:36.952,1C
B1766,843.0,6F173_2026-04-18_121941,CANCELLED,2025-09-07 11:37:36.952,1F
B1767,233.0,AI186_2026-04-18_111141,CONFIRMED,2025-11-19 11:37:36.952,6D
B1768,887.0,AI130_2026-04-18_101841,PENDING,2026-03-23 11:37:36.952,13C
B1769,686.0,SJ111_2026-04-18_114741,UNKNOWN,2025-11-23 11:37:36.952,6F
B1770,655.0,6F203_2026-04-18_110541,CONFIRMED,2025-08-04 11:37:36.952,8D
B1771,786.0,6F138_2026-04-18_094941,PENDING,2025-05-24 11:37:36.952,1F
B1772,728.0,6F109_2026-04-18_120041,UNKNOWN,2025-08-29 11:37:36.952,10B
B1773,157.0,AI074_2026-04-18_120341,PENDING,2026-01-01 11:37:36.952,16E
B1774,585.0,UK161_2026-04-18_100541,CANCELLED,2026-01-07 11:37:36.952,1B
B1775,895.0,AI008_2026-04-18_104341,CANCELLED,2025-06-19 11:37:36.952,14B
B1776,,UK121_2026-04-18_083641,CANCELLED,2025-12-27 11:37:36.952,17A
B1777,430.0,6F154_2026-04-18_112641,CONFIRMED,2025-04-26 11:37:36.952,11A
B1778,348.0,6F161_2026-04-18_112441,CONFIRMED,2025-08-01 11:37:36.952,10D
B1779,,6F153_2026-04-18_082341,PENDING,2026-02-01 11:37:36.952,22B
B1780,,6F225_2026-04-18_073341,PENDING,2026-02-10 11:37:36.952,11B
B1781,630.0,AI191_2026-04-18_075741,PENDING,2026-02-09 11:37:36.952,18C
B1782,463.0,AI218_2026-04-18_085541,CONFIRMED,2025-08-18 11:37:36.952,25F
B1783,887.0,6F267_2026-04-18_075641,PENDING,2025-09-28 11:37:36.952,25D
B1784,482.0,UK125_2026-04-18_065841,CANCELLED,2025-08-20 11:37:36.952,1B
B1785,,6F208_2026-04-18_082741,PENDING,2025-08-19 11:37:36.952,1B
B1786,741.0,6F119_2026-04-18_091941,CANCELLED,2026-02-12 11:37:36.952,26B
B1787,293.0,AI063_2026-04-18_070341,CONFIRMED,2025-07-11 11:37:36.952,1E
B1788,195.0,UK016_2026-04-18_104241,CANCELLED,2025-06-05 11:37:36.952,2B
B1789,189.0,6F048_2026-04-18_102741,CANCELLED,2026-01-13 11:37:36.952,30F
B1790,155.0,6F266_2026-04-18_094941,CANCELLED,2025-04-23 11:37:36.952,28A
B1791,,AI167_2026-04-18_064341,CONFIRMED,2026-02-24 11:37:36.952,3C
B1792,253.0,6F165_2026-04-18_101141,CONFIRMED,2026-01-17 11:37:36.952,8E
B1793,873.0,SJ104_2026-04-18_100041,CONFIRMED,2025-11-25 11:37:36.952,14C
B1794,,UK160_2026-04-18_064241,CONFIRMED,2025-06-26 11:37:36.952,8D
B1795,134.0,UK160_2026-04-18_064241,PENDING,2026-03-21 11:37:36.952,9C
B1796,693.0,SJ230_2026-04-18_062241,CONFIRMED,2025-11-28 11:37:36.952,9B
B1797,472.0,AI042_2026-04-18_095341,CANCELLED,2025-06-03 11:37:36.952,1A
B1798,82.0,UK197_2026-04-18_092241,CONFIRMED,2025-05-16 11:37:36.952,23E
B1799,413.0,AI107_2026-04-18_100341,PENDING,2026-02-05 11:37:36.952,16E
B1800,55.0,SJ128_2026-04-18_073941,PENDING,2025-08-22 11:37:36.952,7F
B1801,281.0,6F121_2026-04-18_054441,PENDING,2026-04-14 11:37:36.952,34F
B1802,483.0,AI111_2026-04-18_074041,UNKNOWN,2025-06-30 11:37:36.952,16B
B1803,208.0,SJ137_2026-04-18_060841,CONFIRMED,2026-02-21 11:37:36.952,24F
B1804,433.0,AI232_2026-04-18_064341,CONFIRMED,2025-11-12 11:37:36.952,1F
B1805,873.0,SJ113_2026-04-18_081041,CONFIRMED,2025-10-26 11:37:36.952,14B
B1806,494.0,AI117_2026-04-18_081841,CANCELLED,2025-08-02 11:37:36.952,17A
B1807,597.0,6F185_2026-04-18_074941,CANCELLED,2025-06-28 11:37:36.952,12C
B1808,677.0,AI194_2026-04-18_050941,PENDING,2026-01-26 11:37:36.952,3B
B1809,700.0,UK045_2026-04-18_074341,PENDING,2026-04-09 11:37:36.952,13B
B1810,72.0,6F228_2026-04-18_043641,CONFIRMED,2026-03-20 11:37:36.952,34B
B1811,393.0,SJ190_2026-04-18_045741,CANCELLED,2026-04-04 11:37:36.952,25A
B1812,716.0,AI156_2026-04-18_073941,CANCELLED,2026-01-06 11:37:36.952,8A
B1813,140.0,AI104_2026-04-18_073541,UNKNOWN,2025-04-21 11:37:36.952,9D
B1814,705.0,UK033_2026-04-18_043441,CONFIRMED,2025-06-22 11:37:36.952,26C
B1815,365.0,UK137_2026-04-18_070441,PENDING,2025-05-01 11:37:36.952,3C
B1816,252.0,UK214_2026-04-18_053041,PENDING,2025-06-21 11:37:36.952,20F
B1817,,6F033_2026-04-18_070841,PENDING,2025-06-07 11:37:36.952,28D
B1818,872.0,AI114_2026-04-18_074841,CONFIRMED,2025-11-07 11:37:36.952,26B
B1819,170.0,AI017_2026-04-18_051541,CONFIRMED,2026-01-19 11:37:36.952,21E
B1820,362.0,6F244_2026-04-18_070741,PENDING,2025-12-01 11:37:36.952,18E
B1821,548.0,6F160_2026-04-18_040941,PENDING,2025-11-27 11:37:36.952,1C
B1822,,6F088_2026-04-18_055141,CANCELLED,2026-01-05 11:37:36.952,17D
B1823,145.0,6F155_2026-04-18_074741,CANCELLED,2025-11-26 11:37:36.952,19E
B1824,704.0,AI095_2026-04-18_050041,PENDING,2026-04-15 11:37:36.952,9B
B1825,623.0,6F139_2026-04-18_045541,PENDING,2025-05-17 11:37:36.952,5E
B1826,323.0,6F101_2026-04-18_031841,CANCELLED,2025-07-11 11:37:36.952,19A
B1827,400.0,AI054_2026-04-18_034441,PENDING,2025-06-23 11:37:36.952,20D
B1828,,SJ094_2026-04-18_032341,CANCELLED,2025-05-18 11:37:36.952,25B
B1829,425.0,6F217_2026-04-18_051341,CANCELLED,2026-01-15 11:37:36.952,4E
B1830,597.0,6F100_2026-04-18_044041,CANCELLED,2026-04-15 11:37:36.952,23C
B1831,406.0,6F081_2026-04-18_060441,CONFIRMED,2026-02-05 11:37:36.952,21C
B1832,671.0,SJ156_2026-04-18_065941,CONFIRMED,2025-06-17 11:37:36.952,4D
B1833,716.0,6F060_2026-04-18_052941,PENDING,2025-06-07 11:37:36.952,27D
B1834,,UK129_2026-04-18_062941,CANCELLED,2025-08-14 11:37:36.952,33E
B1835,446.0,UK032_2026-04-18_033141,CONFIRMED,2026-02-07 11:37:36.952,2E
B1836,485.0,AI166_2026-04-18_042041,PENDING,2025-09-23 11:37:36.952,13A
B1837,68.0,SJ056_2026-04-18_061141,PENDING,2025-10-31 11:37:36.952,22F
B1838,832.0,SJ101_2026-04-18_051741,PENDING,2025-06-12 11:37:36.952,18F
B1839,831.0,SJ065_2026-04-18_041041,PENDING,2025-05-09 11:37:36.952,9C
B1840,631.0,SJ100_2026-04-18_032841,PENDING,2025-04-19 11:37:36.952,34A
B1841,850.0,UK011_2026-04-18_044141,CANCELLED,2025-10-24 11:37:36.952,1E
B1842,15.0,6F062_2026-04-18_045541,PENDING,2026-02-17 11:37:36.952,3B
B1843,486.0,SJ176_2026-04-18_041541,CANCELLED,2025-08-15 11:37:36.952,23E
B1844,658.0,6F120_2026-04-18_051441,CONFIRMED,2025-11-26 11:37:36.952,3B
B1845,294.0,AI121_2026-04-18_024241,PENDING,2026-03-05 11:37:36.952,24A
B1846,890.0,UK072_2026-04-18_025541,CONFIRMED,2025-08-30 11:37:36.952,34F
B1847,573.0,AI006_2026-04-18_030441,CANCELLED,2026-04-06 11:37:36.952,11B
B1848,555.0,SJ231_2026-04-18_042341,CANCELLED,2025-05-19 11:37:36.952,30D
B1849,498.0,SJ129_2026-04-18_014841,UNKNOWN,2025-06-24 11:37:36.952,12E
B1850,,6F110_2026-04-18_022741,PENDING,2025-04-21 11:37:36.952,33B
B1851,824.0,6F231_2026-04-18_011641,PENDING,2025-11-26 11:37:36.952,2D
B1852,638.0,6F095_2026-04-18_015341,CONFIRMED,2025-08-09 11:37:36.952,33E
B1853,749.0,UK054_2026-04-18_003741,CONFIRMED,2025-05-05 11:37:36.952,18F
B1854,183.0,SJ123_2026-04-18_035741,CONFIRMED,2025-08-10 11:37:36.952,29D
B1855,310.0,6F006_2026-04-18_030641,PENDING,2026-01-04 11:37:36.952,3D
B1856,760.0,UK226_2026-04-18_035841,PENDING,2025-05-04 11:37:36.952,4E
B1857,479.0,AI065_2026-04-18_000941,PENDING,2026-03-07 11:37:36.952,17E
B1858,,6F008_2026-04-18_001441,UNKNOWN,2025-11-25 11:37:36.952,10B
B1859,364.0,AI195_2026-04-18_025841,PENDING,2025-11-11 11:37:36.952,7B
B1860,199.0,UK043_2026-04-18_004841,UNKNOWN,2025-08-01 11:37:36.952,3A
B1861,405.0,AI125_2026-04-18_011241,CONFIRMED,2025-10-15 11:37:36.952,25E
B1862,685.0,AI089_2026-04-18_040541,PENDING,2025-10-05 11:37:36.952,21A
B1863,203.0,UK019_2026-04-18_034141,CONFIRMED,2026-02-12 11:37:36.952,22C
B1864,347.0,UK078_2026-04-18_010341,CANCELLED,2025-09-27 11:37:36.952,22C
B1865,787.0,SJ009_2026-04-18_024841,CANCELLED,2025-07-28 11:37:36.952,15E
B1866,,UK178_2026-04-17_234141,CONFIRMED,2026-01-28 11:37:36.952,7A
B1867,6.0,UK018_2026-04-18_021541,CONFIRMED,2025-11-23 11:37:36.952,13D
B1868,245.0,SJ059_2026-04-18_025041,CANCELLED,2026-04-10 11:37:36.952,29E
B1869,662.0,UK108_2026-04-18_002841,CONFIRMED,2026-02-04 11:37:36.952,19C
B1870,14.0,6F045_2026-04-17_230441,CANCELLED,2025-04-25 11:37:36.952,5D
B1871,384.0,AI144_2026-04-18_004341,CANCELLED,2025-10-04 11:37:36.952,23E
B1872,480.0,AI244_2026-04-18_025041,PENDING,2025-07-09 11:37:36.952,26E
B1873,718.0,6F265_2026-04-18_022741,CONFIRMED,2025-04-25 11:37:36.952,11B
B1874,673.0,6F108_2026-04-17_234141,CONFIRMED,2026-01-26 11:37:36.952,16E
B1875,19.0,6F069_2026-04-17_234441,PENDING,2025-06-17 11:37:36.952,17D
B1876,,6F072_2026-04-18_021441,CANCELLED,2025-06-14 11:37:36.952,18F
B1877,841.0,6F096_2026-04-17_224541,CONFIRMED,2025-11-09 11:37:36.952,33F
B1878,209.0,SJ233_2026-04-18_011841,PENDING,2025-12-31 11:37:36.952,31D
B1879,,AI203_2026-04-18_000941,PENDING,2025-12-03 11:37:36.952,9E
B1880,261.0,UK147_2026-04-17_233541,CONFIRMED,2026-03-08 11:37:36.952,2E
B1881,723.0,UK039_2026-04-18_014041,PENDING,2025-08-26 11:37:36.952,8E
B1882,123.0,6F216_2026-04-17_215841,CANCELLED,2025-10-17 11:37:36.952,18B
B1883,879.0,AI214_2026-04-17_222341,PENDING,2025-11-17 11:37:36.952,5B
B1884,256.0,UK025_2026-04-17_225541,CANCELLED,2025-08-31 11:37:36.952,31D
B1885,367.0,UK053_2026-04-17_235641,CANCELLED,2025-08-10 11:37:36.952,11B
B1886,599.0,6F130_2026-04-18_012741,UNKNOWN,2026-02-12 11:37:36.952,9D
B1887,61.0,6F247_2026-04-18_012741,PENDING,2026-03-09 11:37:36.952,23F
B1888,585.0,6F159_2026-04-18_020841,CANCELLED,2025-12-25 11:37:36.952,25C
B1889,,UK086_2026-04-17_235541,CANCELLED,2026-02-24 11:37:36.952,22C
B1890,397.0,6F102_2026-04-18_011041,PENDING,2025-08-30 11:37:36.952,12E
B1891,739.0,UK186_2026-04-17_230541,CANCELLED,2026-01-26 11:37:36.952,18D
B1892,837.0,6F032_2026-04-17_234341,PENDING,2025-08-24 11:37:36.952,17F
B1893,235.0,6F186_2026-04-17_214841,CONFIRMED,2025-08-02 11:37:36.952,19A
B1894,875.0,6F106_2026-04-18_001041,CANCELLED,2026-02-24 11:37:36.952,4F
B1895,862.0,AI021_2026-04-17_213941,CANCELLED,2025-10-05 11:37:36.952,14E
B1896,95.0,AI157_2026-04-17_224541,PENDING,2025-11-30 11:37:36.952,11F
B1897,888.0,6F054_2026-04-17_220041,PENDING,2025-11-01 11:37:36.952,26F
B1898,517.0,AI187_2026-04-17_233241,PENDING,2025-10-03 11:37:36.952,10D
B1899,689.0,SJ124_2026-04-17_210541,PENDING,2025-09-28 11:37:36.952,4B
B1900,93.0,SJ223_2026-04-17_235441,CANCELLED,2025-10-06 11:37:36.952,11C
B1901,180.0,UK103_2026-04-17_215241,CONFIRMED,2025-04-25 11:37:36.952,21A
B1902,726.0,SJ157_2026-04-17_221141,CONFIRMED,2026-02-08 11:37:36.952,14F
B1903,207.0,6F242_2026-04-17_211041,CONFIRMED,2025-11-06 11:37:36.952,9B
B1904,844.0,UK213_2026-04-17_232141,CONFIRMED,2025-07-01 11:37:36.952,8B
B1905,422.0,SJ120_2026-04-17_211941,PENDING,2026-02-13 11:37:36.952,24B
B1906,217.0,AI035_2026-04-17_231741,CANCELLED,2025-08-11 11:37:36.952,22B
B1907,24.0,6F147_2026-04-17_195741,CANCELLED,2026-01-14 11:37:36.952,1B
B1908,,SJ229_2026-04-17_222541,CANCELLED,2025-08-09 11:37:36.952,23B
B1909,815.0,AI230_2026-04-17_203741,PENDING,2025-11-14 11:37:36.952,31B
B1910,462.0,UK162_2026-04-17_224741,CANCELLED,2025-06-10 11:37:36.952,5C
B1911,166.0,AI066_2026-04-17_215141,PENDING,2025-05-29 11:37:36.952,27C
B1912,641.0,6F205_2026-04-17_221641,CANCELLED,2025-09-09 11:37:36.952,19D
B1913,727.0,AI124_2026-04-17_202841,CONFIRMED,2025-05-24 11:37:36.952,27B
B1914,687.0,UK114_2026-04-17_221041,PENDING,2025-10-19 11:37:36.952,20A
B1915,575.0,AI231_2026-04-17_215241,CANCELLED,2025-06-03 11:37:36.952,18B
B1916,496.0,AI113_2026-04-17_212141,CONFIRMED,2025-10-30 11:37:36.952,7D
B1917,879.0,UK180_2026-04-17_211841,UNKNOWN,2025-08-03 11:37:36.952,27A
B1918,285.0,UK180_2026-04-17_211841,CONFIRMED,2025-10-07 11:37:36.952,2B
B1919,886.0,6F080_2026-04-17_194741,PENDING,2026-03-17 11:37:36.952,7C
B1920,,SJ095_2026-04-17_200941,PENDING,2025-05-11 11:37:36.952,14A
B1921,560.0,SJ115_2026-04-17_210541,CANCELLED,2025-04-24 11:37:36.952,21F
B1922,660.0,AI142_2026-04-17_204941,CONFIRMED,2025-05-14 11:37:36.952,7D
B1923,246.0,UK169_2026-04-17_181241,CANCELLED,2025-11-28 11:37:36.952,33F
B1924,815.0,SJ041_2026-04-17_182441,CANCELLED,2025-05-04 11:37:36.952,27D
B1925,213.0,UK171_2026-04-17_195941,CONFIRMED,2025-04-20 11:37:36.952,7D
B1926,,AI081_2026-04-17_210341,CANCELLED,2025-11-27 11:37:36.952,18F
B1927,688.0,AI162_2026-04-17_192041,PENDING,2026-01-28 11:37:36.952,27D
B1928,402.0,SJ037_2026-04-17_191441,CANCELLED,2026-01-23 11:37:36.952,6F
B1929,454.0,SJ037_2026-04-17_191441,CONFIRMED,2025-11-05 11:37:36.952,6A
B1930,22.0,UK080_2026-04-17_210941,PENDING,2025-12-16 11:37:36.952,3B
B1931,101.0,SJ031_2026-04-17_212041,PENDING,2025-09-26 11:37:36.952,16C
B1932,633.0,AI199_2026-04-17_184741,CANCELLED,2025-12-28 11:37:36.952,4B
B1933,459.0,6F082_2026-04-17_202641,CANCELLED,2025-05-28 11:37:36.952,7B
B1934,,UK217_2026-04-17_211941,PENDING,2026-04-12 11:37:36.952,9F
B1935,23.0,UK014_2026-04-17_204141,CANCELLED,2026-04-13 11:37:36.952,6C
B1936,171.0,SJ180_2026-04-17_171241,CONFIRMED,2026-01-11 11:37:36.952,14D
B1937,261.0,6F268_2026-04-17_202941,CANCELLED,2026-02-19 11:37:36.952,16E
B1938,569.0,UK205_2026-04-17_185741,CANCELLED,2026-04-07 11:37:36.952,19B
B1939,305.0,SJ212_2026-04-17_194941,PENDING,2025-07-22 11:37:36.952,22B
B1940,784.0,UK052_2026-04-17_204841,CANCELLED,2025-06-25 11:37:36.952,17C
B1941,818.0,UK230_2026-04-17_200241,CANCELLED,2025-06-13 11:37:36.952,19D
B1942,35.0,AI145_2026-04-17_170641,CANCELLED,2025-07-18 11:37:36.952,23D
B1943,710.0,SJ035_2026-04-17_201541,CONFIRMED,2026-03-13 11:37:36.952,7E
B1944,126.0,SJ184_2026-04-17_163241,CANCELLED,2025-07-20 11:37:36.952,10B
B1945,464.0,6F207_2026-04-17_165941,CONFIRMED,2025-11-03 11:37:36.952,24A
B1946,208.0,UK144_2026-04-17_180741,CONFIRMED,2026-03-30 11:37:36.952,15A
B1947,290.0,AI126_2026-04-17_172641,CONFIRMED,2025-10-22 11:37:36.952,1A
B1948,748.0,SJ145_2026-04-17_174141,CONFIRMED,2025-05-19 11:37:36.952,10A
B1949,820.0,6F040_2026-04-17_155241,PENDING,2025-05-16 11:37:36.952,15B
B1950,166.0,UK049_2026-04-17_194741,CONFIRMED,2025-06-15 11:37:36.952,21B
B1951,780.0,UK049_2026-04-17_194741,CANCELLED,2026-03-18 11:37:36.952,3F
B1952,79.0,AI087_2026-04-17_163241,CONFIRMED,2025-10-18 11:37:36.952,2C
B1953,426.0,AI152_2026-04-17_192141,CANCELLED,2025-05-24 11:37:36.952,19A
B1954,829.0,SJ240_2026-04-17_164241,CONFIRMED,2025-11-06 11:37:36.952,2A
B1955,49.0,AI212_2026-04-17_153141,PENDING,2025-09-14 11:37:36.952,22B
B1956,766.0,AI064_2026-04-17_182441,CONFIRMED,2025-09-21 11:37:36.952,3B
B1957,773.0,6F093_2026-04-17_160941,CONFIRMED,2025-06-07 11:37:36.952,32E
B1958,216.0,AI118_2026-04-17_175041,PENDING,2025-04-28 11:37:36.952,29C
B1959,855.0,AI172_2026-04-17_190841,CONFIRMED,2025-12-19 11:37:36.952,23D
B1960,697.0,6F183_2026-04-17_170841,CANCELLED,2026-01-30 11:37:36.952,27E
B1961,714.0,6F200_2026-04-17_145441,CONFIRMED,2025-07-15 11:37:36.952,28A
B1962,393.0,SJ077_2026-04-17_173241,CONFIRMED,2025-12-23 11:37:36.952,18C
B1963,454.0,UK030_2026-04-17_151141,CONFIRMED,2026-02-24 11:37:36.952,27F
B1964,894.0,SJ232_2026-04-17_150241,PENDING,2025-05-21 11:37:36.952,18B
B1965,92.0,6F090_2026-04-17_151041,CONFIRMED,2026-01-29 11:37:36.952,20D
B1966,885.0,UK002_2026-04-17_142841,CONFIRMED,2025-11-06 11:37:36.952,12B
B1967,543.0,AI154_2026-04-17_152541,CANCELLED,2025-07-03 11:37:36.952,22C
B1968,,6F089_2026-04-17_170641,CONFIRMED,2025-10-11 11:37:36.952,2D
B1969,360.0,6F218_2026-04-17_151641,CONFIRMED,2026-04-08 11:37:36.952,29A
B1970,482.0,6F241_2026-04-17_182741,CONFIRMED,2025-11-26 11:37:36.952,12B
B1971,376.0,6F116_2026-04-17_164341,CONFIRMED,2025-08-20 11:37:36.952,2B
B1972,841.0,UK199_2026-04-17_152441,CANCELLED,2025-04-18 11:37:36.952,19B
B1973,555.0,SJ033_2026-04-17_172641,CANCELLED,2025-04-28 11:37:36.952,8C
B1974,610.0,AI210_2026-04-17_161341,PENDING,2025-08-03 11:37:36.952,15B
B1975,422.0,UK148_2026-04-17_163141,UNKNOWN,2025-08-26 11:37:36.952,20E
B1976,494.0,AI229_2026-04-17_164841,PENDING,2025-08-27 11:37:36.952,16F
B1977,567.0,UK005_2026-04-17_140241,PENDING,2026-01-01 11:37:36.952,4A
B1978,561.0,SJ080_2026-04-17_160441,CONFIRMED,2025-12-07 11:37:36.952,12C
B1979,825.0,SJ092_2026-04-17_131941,CANCELLED,2025-12-02 11:37:36.952,1F
B1980,328.0,SJ055_2026-04-17_141741,CANCELLED,2025-12-04 11:37:36.952,15A
B1981,120.0,AI239_2026-04-17_143341,CONFIRMED,2025-05-17 11:37:36.952,19D
B1982,77.0,6F162_2026-04-17_145041,UNKNOWN,2025-06-17 11:37:36.952,7A
B1983,,UK101_2026-04-17_150041,UNKNOWN,2025-06-28 11:37:36.952,27A
B1984,223.0,6F198_2026-04-17_124041,CONFIRMED,2025-04-25 11:37:36.952,27F
B1985,352.0,6F239_2026-04-17_152441,CONFIRMED,2025-09-28 11:37:36.952,31F
B1986,195.0,SJ177_2026-04-17_130441,CONFIRMED,2025-10-07 11:37:36.952,13F
B1987,730.0,6F044_2026-04-17_132541,CANCELLED,2026-03-12 11:37:36.952,19F
B1988,152.0,6F248_2026-04-17_132541,PENDING,2026-02-17 11:37:36.952,13A
B1989,707.0,6F002_2026-04-17_141141,UNKNOWN,2025-12-10 11:37:36.952,16F
B1990,54.0,SJ197_2026-04-17_144941,CONFIRMED,2026-03-31 11:37:36.952,14B
B1991,546.0,UK091_2026-04-17_133741,CANCELLED,2026-01-14 11:37:36.952,22E
B1992,789.0,6F215_2026-04-17_130041,CONFIRMED,2025-04-25 11:37:36.952,25C
B1993,750.0,AI093_2026-04-17_123541,CANCELLED,2026-03-11 11:37:36.952,5B
B1994,827.0,UK090_2026-04-17_144441,CONFIRMED,2026-03-31 11:37:36.952,21D
B1995,461.0,SJ005_2026-04-17_160341,CANCELLED,2025-11-20 11:37:36.952,11C
B1996,636.0,UK106_2026-04-17_151241,CANCELLED,2025-08-08 11:37:36.952,27E
B1997,113.0,6F223_2026-04-17_164741,PENDING,2025-05-03 11:37:36.952,27B
B1998,584.0,6F011_2026-04-17_151641,CONFIRMED,2025-10-23 11:37:36.952,14C
B1999,,UK124_2026-04-17_143541,UNKNOWN,2025-08-08 11:37:36.952,12B
