passenger_id,gender,age_band,passenger_key
P1000,F,46-60,1
P1001,M,<18,2
P1002,M,60+,3
P1003,F,60+,4
P1004,M,18-25,5
P1006,M,60+,6
P1007,M,60+,7
P1008,M,60+,8
P1009,M,60+,9
P1010,M,18-25,10
P1011,M,<18,11
P1013,M,46-60,12
P1014,F,<18,13
P1015,F,60+,14
P1016,M,26-35,15
P1017,F,36-45,16
P1018,F,<18,17
P1019,M,60+,18
P1020,M,46-60,19
P1021,M,18-25,20
P1022,F,26-35,21
P1023,F,60+,22
P1024,M,46-60,23
P1025,M,18-25,24
P1026,M,60+,25
P1027,F,46-60,26
P1028,F,46-60,27
P1029,F,36-45,28
P1030,F,46-60,29
P1031,M,60+,30
P1032,M,<18,31
P1033,M,60+,32
P1034,M,60+,33
P1035,F,46-60,34
P1036,F,60+,35
P1037,M,46-60,36
P1038,M,46-60,37
P1039,F,60+,38
P1040,M,<18,39
P1041,F,46-60,40
P1043,M,18-25,41
P1044,M,60+,42
P1045,M,36-45,43
P1046,M,18-25,44
P1047,M,<18,45
P1048,M,60+,46
P1049,F,46-60,47
P1051,F,<18,48
P1052,F,46-60,49
P1053,F,<18,50
P1054,M,60+,51
P1055,M,46-60,52
P1057,M,36-45,53
P1058,F,<18,54
P1059,F,46-60,55
P1060,M,26-35,56
P1061,M,60+,57
P1062,M,60+,58
P1063,F,36-45,59
P1064,M,46-60,60
P1065,F,<18,61
P1066,F,<18,62
P1067,F,<18,63
P1068,M,46-60,64
P1069,M,<18,65
P1070,F,46-60,66
P1071,M,60+,67
P1072,M,18-25,68
P1073,M,36-45,69
P1074,F,26-35,70
P1076,M,60+,71
P1078,M,46-60,72
P1079,M,<18,73
P1080,M,60+,74
P1081,M,60+,75
P1082,F,60+,76
P1083,F,60+,77
P1084,F,36-45,78
P1085,M,60+,79
P1086,M,60+,80
P1087,M,60+,81
P1089,M,18-25,82
P1090,F,26-35,83
P1091,F,60+,84
P1092,F,46-60,85
P1093,F,36-45,86
P1094,F,26-35,87
P1095,F,<18,88
P1096,M,36-45,89
P1097,M,60+,90
P1098,F,60+,91
P1099,F,60+,92
P1100,M,<18,93
P1101,F,60+,94
P1102,F,<18,95
P1103,M,<18,96
P1104,F,60+,97
P1105,F,60+,98
P1106,F,<18,99
P1107,M,60+,100
P1108,M,<18,101
P1109,M,26-35,102
P1110,F,26-35,103
P1111,F,26-35,104
P1112,M,<18,105
P1113,F,36-45,106
P1114,F,26-35,107
P1115,F,<18,108
P1117,F,60+,109
P1118,M,<18,110
P1119,F,26-35,111
P1121,F,46-60,112
P1122,M,18-25,113
P1123,F,60+,114
P1124,M,60+,115
P1125,F,36-45,116
P1126,M,36-45,117
P1127,F,60+,118
P1128,M,26-35,119
P1129,F,60+,120
P1130,M,46-60,121
P1131,M,60+,122
P1133,F,<18,123
P1134,M,<18,124
P1135,F,<18,125
P1136,M,26-35,126
P1137,M,<18,127
P1138,M,60+,128
P1139,F,<18,129
P1140,M,36-45,130
P1141,M,60+,131
P1143,F,60+,132
P1144,F,46-60,133
P1145,F,<18,134
P1146,M,18-25,135
P1147,M,<18,136
P1148,M,36-45,137
P1149,M,26-35,138
P1150,F,36-45,139
P1152,M,26-35,140
P1153,F,60+,141
P1154,M,46-60,142
P1155,M,60+,143
P1156,M,26-35,144
P1157,M,60+,145
P1158,M,36-45,146
P1159,M,36-45,147
P1160,F,60+,148
P1162,M,<18,149
P1163,M,26-35,150
P1164,F,26-35,151
P1165,M,36-45,152
P1166,M,60+,153
P1167,M,26-35,154
P1168,F,60+,155
P1170,F,60+,156
P1171,M,60+,157
P1172,F,<18,158
P1173,F,26-35,159
P1174,M,60+,160
P1175,F,60+,161
P1176,M,<18,162
P1178,M,60+,163
P1179,M,26-35,164
P1180,F,<18,165
P1181,M,60+,166
P1182,M,36-45,167
P1183,F,46-60,168
P1184,M,36-45,169
P1185,M,18-25,170
P1186,F,60+,171
P1187,F,46-60,172
P1189,M,60+,173
P1190,F,46-60,174
P1191,F,60+,175
P1192,M,46-60,176
P1193,F,46-60,177
P1194,M,<18,178
P1195,M,36-45,179
P1197,M,<18,180
P1198,M,46-60,181
P1200,F,46-60,182
P1201,F,<18,183
P1202,F,<18,184
P1203,M,46-60,185
P1204,M,60+,186
P1205,M,<18,187
P1206,M,18-25,188
P1207,F,<18,189
P1208,M,46-60,190
P1209,M,36-45,191
P1210,F,26-35,192
P1211,F,60+,193
P1212,F,26-35,194
P1213,F,60+,195
P1214,M,46-60,196
P1215,M,60+,197
P1216,F,46-60,198
P1217,M,<18,199
P1218,M,36-45,200
P1219,M,18-25,201
P1220,F,60+,202
P1221,M,60+,203
P1222,F,60+,204
P1223,M,<18,205
P1224,M,<18,206
P1225,M,60+,207
P1226,F,46-60,208
P1227,M,60+,209
P1228,F,60+,210
P1229,F,<18,211
P1230,F,18-25,212
P1231,M,46-60,213
P1232,M,36-45,214
P1233,M,18-25,215
P1234,M,60+,216
P1236,F,18-25,217
P1237,F,60+,218
P1238,M,46-60,219
P1239,F,26-35,220
P1240,M,36-45,221
P1242,M,60+,222
P1243,M,<18,223
P1244,F,<18,224
P1245,F,46-60,225
P1246,F,60+,226
P1247,F,46-60,227
P1249,F,26-35,228
P1250,F,36-45,229
P1251,F,<18,230
P1252,M,<18,231
P1254,F,<18,232
P1255,M,<18,233
P1256,F,46-60,234
P1258,M,60+,235
P1259,M,36-45,236
P1260,M,26-35,237
P1262,F,18-25,238
P1263,F,46-60,239
P1264,M,60+,240
P1265,F,<18,241
P1266,F,18-25,242
P1268,M,46-60,243
P1269,M,26-35,244
P1271,F,60+,245
P1272,F,60+,246
P1273,F,36-45,247
P1274,M,36-45,248
P1275,M,60+,249
P1276,F,60+,250
P1277,M,18-25,251
P1278,M,18-25,252
P1279,M,60+,253
P1280,M,60+,254
P1281,F,46-60,255
P1282,M,26-35,256
P1283,M,60+,257
P1284,M,60+,258
P1285,M,36-45,259
P1286,F,26-35,260
P1287,F,60+,261
P1288,M,26-35,262
P1289,M,<18,263
P1290,M,18-25,264
P1292,M,18-25,265
P1293,M,<18,266
P1295,M,60+,267
P1296,F,<18,268
P1297,F,26-35,269
P1298,M,46-60,270
P1299,F,60+,271
P1300,F,46-60,272
P1301,F,60+,273
P1302,F,18-25,274
P1303,F,26-35,275
P1305,M,46-60,276
P1306,F,46-60,277
P1307,F,<18,278
P1308,F,26-35,279
P1309,M,26-35,280
P1310,F,18-25,281
P1311,M,26-35,282
P1312,F,26-35,283
P1313,M,60+,284
P1314,M,60+,285
P1315,F,60+,286
P1316,F,46-60,287
P1317,M,18-25,288
P1318,F,<18,289
P1319,M,26-35,290
P1321,M,46-60,291
P1322,M,<18,292
P1324,F,26-35,293
P1325,M,46-60,294
P1326,M,<18,295
P1327,F,36-45,296
P1328,M,18-25,297
P1330,F,46-60,298
P1331,F,46-60,299
P1332,M,60+,300
P1333,M,60+,301
P1334,M,26-35,302
P1335,F,60+,303
P1336,M,26-35,304
P1337,F,60+,305
P1338,M,18-25,306
P1339,F,18-25,307
P1340,M,46-60,308
P1341,M,46-60,309
P1343,F,46-60,310
P1344,F,18-25,311
P1345,M,26-35,312
P1346,M,46-60,313
P1347,F,60+,314
P1348,F,18-25,315
P1349,F,60+,316
P1350,M,26-35,317
P1353,F,26-35,318
P1354,M,<18,319
P1355,F,36-45,320
P1356,F,46-60,321
P1357,F,36-45,322
P1358,F,36-45,323
P1359,F,26-35,324
P1360,M,46-60,325
P1361,F,18-25,326
P1362,F,18-25,327
P1363,F,<18,328
P1364,M,46-60,329
P1365,F,<18,330
P1366,M,46-60,331
P1367,F,36-45,332
P1368,F,36-45,333
P1369,M,18-25,334
P1370,F,60+,335
P1371,M,<18,336
P1372,M,<18,337
P1373,F,<18,338
P1374,M,60+,339
P1375,F,60+,340
P1376,F,<18,341
P1377,M,60+,342
P1378,M,26-35,343
P1379,M,60+,344
P1380,M,60+,345
P1381,F,60+,346
P1382,F,46-60,347
P1383,M,18-25,348
P1384,F,46-60,349
P1385,F,60+,350
P1386,F,60+,351
P1387,F,18-25,352
P1388,M,46-60,353
P1389,M,46-60,354
P1390,F,60+,355
P1391,M,46-60,356
P1392,M,46-60,357
P1393,M,36-45,358
P1394,F,60+,359
P1395,F,<18,360
P1396,F,46-60,361
P1397,M,46-60,362
P1398,F,<18,363
P1399,F,46-60,364
P1400,M,46-60,365
P1401,F,<18,366
P1403,M,<18,367
P1404,M,46-60,368
P1405,M,46-60,369
P1406,F,36-45,370
P1408,F,<18,371
P1409,M,<18,372
P1410,M,26-35,373
P1411,F,18-25,374
P1413,M,60+,375
P1414,M,18-25,376
P1415,M,46-60,377
P1416,M,46-60,378
P1417,F,60+,379
P1418,M,18-25,380
P1420,F,<18,381
P1421,F,<18,382
P1422,M,46-60,383
P1423,M,<18,384
P1424,M,26-35,385
P1425,M,46-60,386
P1426,F,60+,387
P1427,M,<18,388
P1428,M,<18,389
P1429,F,60+,390
P1430,M,60+,391
P1431,F,60+,392
P1432,F,60+,393
P1433,F,18-25,394
P1434,F,60+,395
P1435,F,60+,396
P1436,F,26-35,397
P1437,F,<18,398
P1438,F,46-60,399
P1439,M,60+,400
P1440,M,46-60,401
P1441,M,26-35,402
P1442,M,60+,403
P1443,F,60+,404
P1444,M,46-60,405
P1445,F,60+,406
P1446,M,60+,407
P1447,M,60+,408
P1448,M,<18,409
P1449,F,46-60,410
P1450,M,60+,411
P1451,F,36-45,412
P1452,F,26-35,413
P1454,M,<18,414
P1455,M,60+,415
P1456,F,26-35,416
P1457,M,46-60,417
P1458,F,<18,418
P1459,F,18-25,419
P1460,M,46-60,420
P1461,M,<18,421
P1462,F,60+,422
P1463,F,<18,423
P1464,F,<18,424
P1465,M,18-25,425
P1466,F,60+,426
P1467,M,<18,427
P1468,F,26-35,428
P1469,F,60+,429
P1470,M,18-25,430
P1471,F,<18,431
P1472,M,46-60,432
P1473,M,26-35,433
P1474,F,26-35,434
P1475,M,26-35,435
P1476,M,60+,436
P1477,F,46-60,437
P1478,M,36-45,438
P1479,M,<18,439
P1480,M,60+,440
P1481,F,60+,441
P1482,M,26-35,442
P1484,F,60+,443
P1485,M,36-45,444
P1486,M,36-45,445
P1487,M,26-35,446
P1488,F,<18,447
P1489,M,<18,448
P1490,M,46-60,449
P1491,M,<18,450
P1492,M,26-35,451
P1493,M,60+,452
P1494,F,60+,453
P1495,F,<18,454
P1496,M,26-35,455
P1498,M,26-35,456
P1499,M,<18,457
P1500,F,60+,458
P1501,M,46-60,459
P1502,F,60+,460
P1503,F,26-35,461
P1505,F,60+,462
P1506,F,18-25,463
P1507,F,36-45,464
P1508,F,<18,465
P1509,M,60+,466
P1510,M,18-25,467
P1511,F,60+,468
P1512,M,46-60,469
P1513,M,36-45,470
P1514,M,60+,471
P1515,M,18-25,472
P1516,M,18-25,473
P1517,F,60+,474
P1518,M,36-45,475
P1519,M,<18,476
P1520,M,46-60,477
P1521,M,<18,478
P1522,F,18-25,479
P1523,F,60+,480
P1525,F,<18,481
P1526,M,60+,482
P1527,F,60+,483
P1528,M,60+,484
P1529,M,60+,485
P1530,M,<18,486
P1531,M,46-60,487
P1532,M,18-25,488
P1534,F,<18,489
P1535,F,60+,490
P1536,F,18-25,491
P1537,M,60+,492
P1539,M,60+,493
P1540,F,26-35,494
P1541,M,60+,495
P1542,M,46-60,496
P1544,M,<18,497
P1545,M,60+,498
P1546,F,<18,499
P1547,M,18-25,500
P1548,F,46-60,501
P1549,F,60+,502
P1550,F,46-60,503
P1551,M,18-25,504
P1552,M,<18,505
P1553,M,46-60,506
P1554,F,36-45,507
P1555,M,46-60,508
P1556,F,36-45,509
P1558,M,36-45,510
P1559,F,<18,511
P1560,M,<18,512
P1561,M,26-35,513
P1562,M,60+,514
P1564,M,18-25,515
P1565,F,60+,516
P1566,F,<18,517
P1567,F,60+,518
P1569,M,<18,519
P1570,M,<18,520
P1571,F,46-60,521
P1572,M,<18,522
P1573,F,36-45,523
P1574,F,36-45,524
P1575,M,<18,525
P1576,M,46-60,526
P1578,M,60+,527
P1579,F,<18,528
P1580,M,26-35,529
P1581,M,36-45,530
P1582,F,36-45,531
P1583,M,60+,532
P1584,F,<18,533
P1585,M,60+,534
P1586,F,60+,535
P1587,F,<18,536
P1590,M,36-45,537
P1592,M,36-45,538
P1593,F,60+,539
P1594,F,26-35,540
P1596,M,60+,541
P1597,F,46-60,542
P1598,M,36-45,543
P1599,M,60+,544
P1600,F,18-25,545
P1601,M,36-45,546
P1602,F,60+,547
P1604,F,<18,548
P1605,M,46-60,549
P1606,M,18-25,550
P1608,M,60+,551
P1609,F,36-45,552
P1610,M,<18,553
P1611,F,<18,554
P1612,F,60+,555
P1613,F,60+,556
P1614,F,60+,557
P1615,M,18-25,558
P1616,M,46-60,559
P1617,F,26-35,560
P1618,F,36-45,561
P1619,F,<18,562
P1620,M,46-60,563
P1621,M,36-45,564
P1623,M,26-35,565
P1624,F,36-45,566
P1625,F,60+,567
P1626,F,46-60,568
P1627,M,18-25,569
P1628,M,60+,570
P1629,M,60+,571
P1630,F,60+,572
P1631,F,36-45,573
P1632,M,18-25,574
P1633,F,18-25,575
P1635,M,18-25,576
P1636,F,46-60,577
P1637,M,46-60,578
P1639,M,<18,579
P1640,F,26-35,580
P1641,F,<18,581
P1643,M,<18,582
P1645,F,60+,583
P1647,M,60+,584
P1648,M,<18,585
P1649,M,60+,586
P1650,F,<18,587
P1651,M,60+,588
P1652,M,60+,589
P1653,F,18-25,590
P1654,M,26-35,591
P1655,M,<18,592
P1657,F,<18,593
P1659,F,46-60,594
P1660,F,46-60,595
P1661,F,26-35,596
P1662,F,36-45,597
P1663,F,60+,598
P1664,M,26-35,599
P1665,M,60+,600
P1666,F,<18,601
P1667,M,60+,602
P1668,M,26-35,603
P1669,F,60+,604
P1670,M,60+,605
P1671,M,26-35,606
P1672,M,<18,607
P1673,M,46-60,608
P1674,M,26-35,609
P1676,F,60+,610
P1677,F,60+,611
P1678,M,46-60,612
P1679,F,18-25,613
P1681,M,<18,614
P1682,M,46-60,615
P1684,F,<18,616
P1685,F,26-35,617
P1686,M,60+,618
P1687,F,18-25,619
P1688,M,46-60,620
P1690,F,60+,621
P1691,M,26-35,622
P1692,F,60+,623
P1693,M,60+,624
P1694,F,60+,625
P1695,M,46-60,626
P1696,M,26-35,627
P1697,F,46-60,628
P1698,F,60+,629
P1699,M,26-35,630
P1700,F,<18,631
P1701,F,18-25,632
P1702,M,46-60,633
P1703,M,<18,634
P1704,F,60+,635
P1705,M,60+,636
P1706,M,<18,637
P1707,M,<18,638
P1708,F,46-60,639
P1709,F,18-25,640
P1710,M,46-60,641
P1711,F,36-45,642
P1713,F,60+,643
P1714,M,60+,644
P1715,M,<18,645
P1717,M,60+,646
P1718,F,60+,647
P1719,F,<18,648
P1721,M,36-45,649
P1722,F,60+,650
P1723,M,<18,651
P1724,M,60+,652
P1725,M,60+,653
P1726,M,26-35,654
P1727,M,26-35,655
P1728,F,60+,656
P1729,F,36-45,657
P1730,M,26-35,658
P1731,M,26-35,659
P1735,F,<18,660
P1737,F,46-60,661
P1738,M,<18,662
P1739,F,46-60,663
P1740,M,<18,664
P1741,F,46-60,665
P1744,M,60+,666
P1745,F,<18,667
P1746,M,60+,668
P1747,M,60+,669
P1748,M,46-60,670
P1749,M,36-45,671
P1750,F,60+,672
P1752,M,46-60,673
P1753,F,60+,674
P1754,M,26-35,675
P1755,M,60+,676
P1756,F,46-60,677
P1757,M,60+,678
P1758,M,46-60,679
P1759,F,36-45,680
P1760,M,60+,681
P1761,M,60+,682
P1762,M,26-35,683
P1763,M,46-60,684
P1764,F,60+,685
P1765,F,<18,686
P1766,F,26-35,687
P1767,M,<18,688
P1768,M,<18,689
P1769,F,46-60,690
P1772,M,<18,691
P1773,M,60+,692
P1774,F,60+,693
P1775,F,60+,694
P1776,F,26-35,695
P1777,M,<18,696
P1778,F,46-60,697
P1779,F,60+,698
P1780,M,60+,699
P1781,M,36-45,700
P1782,F,60+,701
P1783,F,18-25,702
P1785,F,60+,703
P1786,M,60+,704
P1788,F,<18,705
P1789,M,<18,706
P1790,F,<18,707
P1791,M,46-60,708
P1792,M,18-25,709
P1793,M,60+,710
P1794,F,60+,711
P1795,F,26-35,712
P1797,F,46-60,713
P1798,F,60+,714
P1799,M,46-60,715
P1800,M,18-25,716
P1801,F,18-25,717
P1802,M,<18,718
P1804,F,36-45,719
P1805,F,60+,720
P1806,F,18-25,721
P1807,M,18-25,722
P1808,M,60+,723
P1810,M,<18,724
P1811,F,<18,725
P1812,F,46-60,726
P1813,M,26-35,727
P1814,F,46-60,728
P1815,F,60+,729
P1817,M,26-35,730
P1818,M,60+,731
P1819,M,26-35,732
P1820,F,46-60,733
P1821,M,60+,734
P1823,M,60+,735
P1825,M,60+,736
P1826,M,60+,737
P1827,F,26-35,738
P1828,F,36-45,739
P1829,M,<18,740
P1830,M,<18,741
P1831,F,46-60,742
P1832,F,60+,743
P1834,M,46-60,744
P1836,M,<18,745
P1837,F,26-35,746
P1838,M,60+,747
P1839,M,60+,748
P1841,M,<18,749
P1842,F,26-35,750
P1843,F,<18,751
P1844,F,46-60,752
P1845,M,46-60,753
P1846,M,<18,754
P1847,F,<18,755
P1848,M,18-25,756
P1849,M,18-25,757
P1850,F,36-45,758
P1851,F,<18,759
P1852,F,60+,760
P1853,F,60+,761
P1854,M,26-35,762
P1855,M,60+,763
P1856,F,36-45,764
P1857,M,46-60,765
P1859,F,60+,766
P1860,M,36-45,767
P1861,F,18-25,768
P1862,M,<18,769
P1863,M,<18,770
P1864,M,60+,771
P1865,M,18-25,772
P1866,F,60+,773
P1867,M,<18,774
P1868,F,60+,775
P1869,F,18-25,776
P1870,F,60+,777
P1871,F,26-35,778
P1872,M,<18,779
P1873,M,36-45,780
P1874,F,60+,781
P1875,F,36-45,782
P1876,M,36-45,783
P1877,F,<18,784
P1878,M,46-60,785
P1879,F,26-35,786
P1880,M,60+,787
P1881,F,46-60,788
P1882,F,46-60,789
P1883,M,46-60,790
P1884,F,60+,791
P1885,F,26-35,792
P1886,M,46-60,793
P1887,F,18-25,794
P1888,M,18-25,795
P1889,M,60+,796
P1890,F,60+,797
P1891,F,<18,798
P1892,F,60+,799
P1893,F,60+,800
P1894,F,60+,801
P1895,F,18-25,802
P1896,F,46-60,803
P1897,M,<18,804
P1898,F,<18,805
P1899,M,26-35,806
P1900,F,36-45,807
P1901,F,36-45,808
P1902,M,18-25,809
P1903,F,<18,810
P1905,M,60+,811
P1906,F,60+,812
P1907,F,<18,813
P1908,F,60+,814
P1909,M,<18,815
P1911,F,60+,816
P1912,F,46-60,817
P1913,F,60+,818
P1914,M,60+,819
P1915,M,60+,820
P1916,F,<18,821
P1917,F,26-35,822
P1918,M,46-60,823
P1920,F,36-45,824
P1921,M,<18,825
P1922,F,60+,826
P1923,M,26-35,827
P1924,M,60+,828
P1925,M,18-25,829
P1926,M,60+,830
P1927,F,18-25,831
P1928,M,<18,832
P1929,M,46-60,833
P1930,F,<18,834
P1931,M,<18,835
P1932,M,60+,836
P1933,F,36-45,837
P1934,M,36-45,838
P1936,F,60+,839
P1937,F,<18,840
P1938,F,26-35,841
P1940,F,46-60,842
P1941,M,<18,843
P1942,M,<18,844
P1943,M,18-25,845
P1944,M,<18,846
P1945,M,36-45,847
P1947,M,<18,848
P1948,M,36-45,849
P1949,M,<18,850
P1950,M,60+,851
P1952,F,60+,852
P1953,F,60+,853
P1954,M,<18,854
P1958,M,18-25,855
P1959,M,36-45,856
P1960,M,26-35,857
P1961,M,46-60,858
P1962,F,60+,859
P1963,F,60+,860
P1964,F,46-60,861
P1965,F,46-60,862
P1966,M,60+,863
P1967,M,60+,864
P1969,F,26-35,865
P1970,M,60+,866
P1971,M,26-35,867
P1972,F,<18,868
P1973,F,36-45,869
P1974,M,60+,870
P1975,M,18-25,871
P1976,M,46-60,872
P1977,M,60+,873
P1978,M,60+,874
P1979,M,<18,875
P1980,F,<18,876
P1981,F,46-60,877
P1982,F,26-35,878
P1983,M,26-35,879
P1984,F,60+,880
P1985,M,36-45,881
P1986,M,<18,882
P1987,F,60+,883
P1988,M,60+,884
P1989,M,26-35,885
P1990,F,60+,886
P1991,F,<18,887
P1992,F,60+,888
P1993,M,36-45,889
P1994,F,60+,890
P1995,F,18-25,891
P1996,M,36-45,892
P1997,F,60+,893
P1998,F,36-45,894
P1999,F,<18,895
